element_name,symbol,element_name_en,classification,table_row,table_column,atomic_number,atomic_weight,melting_point,boiling_point,phase,electron_configuration,simplified_electron_configuration,description
Hidr칩geno,H,hydrogen,Non metal,1,A,1,1.008,-259.1,-252.9,Gas,1s1,1s1,"El hidr칩geno constituye m치s del 90 % de los 치tomos del universo y en 1776 se reconoci칩 por primera vez como una sustancia diferente. En la Tierra, se encuentra frecuentemente combinado con ox칤geno en forma de agua y tambi칠n est치 presente en las plantas, el petr칩leo, el carb칩n y otra materia org치nica. El hidr칩geno l칤quido se usa en la criogenia y para estudiar la superconductividad. Los is칩topos deuterio y tritio se utilizan como combustible de reactores de fusi칩n nuclear. Los reactores nucleares producen tritio y este se utiliza para hacer bombas de hidr칩geno. Sus usos industriales incluyen hidrogenaci칩n (grasas y aceites), producci칩n de metanol, hidrodealquilaci칩n, fraccionamiento hidr치ulico e hidrodesulfuraci칩n. Tambi칠n se usa como combustible para cohetes, para soldar, fabricar 치cido clorh칤drico, reducir menas de metales e inflar globos."
Helio,He,helium,Noble gases,1,R,2,4.003,-272.2,-268.9,Gas,1s2,1s2,"El primer indicio de helio se detect칩 durante el eclipse solar de 1868. Es el segundo elemento m치s abundante y se puede extraer a partir de gas natural. La mayor칤a del helio en Estados Unidos se obtiene en pozos ubicados en Texas, Oklahoma y Kansas. El helio se emplea extensamente en el campo de la criogenia y en investigaciones de superconductividad. Permanece en su forma l칤quida hasta el cero absoluto, pero se solidifica r치pidamente ante un aumento de presi칩n. Se conocen siete is칩topos del helio. El helio se utiliza en el crecimiento de cristales de silicio y de germanio, en las soldaduras por arco y en la producci칩n de titanio y zirconio, para enfriar reactores nucleares y como gas en los t칰neles de viento supers칩nicos."
Litio,Li,lithium,Alkali metals,2,A,3,6.941,180.5,1342,S칩lido,[He] 2s1,1s22s1,"El litio se descubri칩 en 1817 y es el m치s ligero de todos los metales. El litio no se encuentra en estado libre en la naturaleza, sino combinado en todas las rocas 칤gneas, manantiales minerales y en los minerales lepidolita, espodumena, petalita y ambligonita. El litio tiene una apariencia similar a la plata, como otros metales alcalinos. Reacciona con el agua, otorga a las llamas una coloraci칩n carmes칤 y se quema con un deslumbrante color blanco. Es corrosivo y se debe manipular con cuidado. El litio es 칰til para transferencias t칠rmicas y para aplicaciones nucleares, y se ha usado en aleaciones y para s칤ntesis de compuestos org치nicos. Tambi칠n se utiliza como material para el 치nodo de las bater칤as y en vidrios y cer치micas."
Berilio,Be,beryllium,Alkaline earth metals,2,B,4,9.012,1278,2970,S칩lido,[He] 2s2,1s22s2,"El berilio se descubri칩 como un 칩xido en berilos y esmeraldas en 1798. El berilio se encuentra en la bertrandita, el berilo, el crisoberilo y la fenaquita, y en muchos otros minerales. Este metal, de color gris acerado, es uno de los metales m치s ligeros y tiene un punto alto de fusi칩n. Es m치s el치stico que el acero, no es magn칠tico, es resistente al 치cido n칤trico concentrado y tiene una conductividad t칠rmica excelente. El berilio y sus sales son t칩xicos y deben manipularse con cuidado. La aleaci칩n de cobre-berilio se utiliza para resortes, contactos el칠ctricos, electrodos para soldadura por puntos y herramientas a prueba de chispas. Este elemento tambi칠n se utiliza como un material estructural para aeronaves de alta velocidad, naves espaciales, sat칠lites y m칤siles."
Boro,B,boron,Metalloids,2,M,5,10.81,2079,2550,S칩lido,[He] 2s22p1,1s22s22p1,"Los compuestos de boro se conocen desde hace miles de a침os, pero el elemento no se descubri칩 hasta 1808. No se encuentra libremente en la naturaleza, sino en forma de 치cido b칩rico en aguas termales volc치nicas y como boratos. Otras fuentes importantes son las menas de kernita (rasorita) y tincalconita (mena de b칩rax). El boro puro y los boratos no son t칩xicos, pero algunos compuestos de hidruros de boro son t칩xicos y deben manipularse con cuidado. El boro no es un buen conductor de la electricidad a temperatura ambiente, pero su conductividad el칠ctrica es eficaz a altas temperaturas. En los destellos de fuegos artificiales, el boro proporciona un color verde caracter칤stico. En su forma pentahidratada, se utiliza para la fabricaci칩n de fibra de vidrio aislante y de blanqueador de perborato de sodio."
Carbono,C,carbon,Non metal,2,N,6,12.01,3367,4827,S칩lido,[He] 2s22p2,1s22s22p2,"El carbono se descubri칩 en la prehistoria. Est치 ampliamente distribuido en la naturaleza y se encuentra dentro de las estrellas, cometas y en las atm칩sferas de la mayor칤a de planetas. El carbono se encuentra en su estado libre en la naturaleza en forma de grafito, diamante y fullereno. Tambi칠n se cree que existe una cuarta forma, conocida como carbono blanco. El carbono tiene siete is칩topos, entre los que se encuentran el carbono-12, que se usa como patr칩n para calcular las masas at칩micas y el carbono-14, que se usa para datar madera, espec칤menes arqueol칩gicos y otros materiales. El carbono se encuentra como di칩xido de carbono en la atm칩sfera terrestre y se disuelve en sus aguas naturales. Es parte de las masas rocosas como los carbonatos de calcio (piedras calizas), de magnesio y de hierro. El carb칩n, el petr칩leo y el gas natural son principalmente hidrocarburos."
Nitr칩geno,N,nitrogen,Non metal,2,O,7,14.01,-209.9,-195.8,Gas,[He] 2s22p3,1s22s22p3,"El nitr칩geno se descubri칩 en 1772 y se encuentra en los materiales biol칩gicos de todos los seres vivos. El nitr칩geno es incoloro e inodoro, tanto en su forma gaseosa como l칤quida, y el gas de nitr칩geno (N2) compone el 78,1 % del aire de la Tierra por volumen. Sus compuestos se encuentran en materiales org치nicos y fertilizantes, venenos y explosivos. El ciclo del nitr칩geno es un proceso fundamental en la naturaleza para los organismos vivos. Aunque el gas nitr칩geno es relativamente inerte, las bacterias en el suelo pueden convertir o reducir el nitr칩geno a una forma que las plantas pueden utilizar para formar prote칤nas."
Ox칤geno,O,oxygen,Non metal,2,P,8,16,-218.4,-183,Gas,[He] 2s22p4,1s22s22p4,"El descubrimiento del ox칤geno suele atribuirse a Joseph Priestley. Su forma gaseosa es incolora, inodora e ins칤pida. En sus formas l칤quida y s칩lida, el ox칤geno es de color azul p치lido; ambas son fuertemente paramagn칠ticas. El ox칤geno es un componente de cientos de miles de compuestos org치nicos y se combina f치cilmente con la mayor칤a de elementos. El ox칤geno tiene nueve is칩topos. El ozono (O3), una de sus formas al칩tropas, se forma cuando se somete el ox칤geno a una descarga el칠ctrica o a luz ultravioleta. El gas ox칤geno constituye el 21 % de la atm칩sfera por volumen y este elemento y sus compuestos conforman pr치cticamente la mitad de la masa de la corteza terrestre. Dos tercios del cuerpo humano y nueve d칠cimas partes del agua son ox칤geno."
Fl칰or,F,fluorine,Halogens,2,Q,9,19,-219.8,-188.1,Gas,[He] 2s22p5,1s22s22p5,"El uso de la fluorita como fundente se describi칩 en 1529, pero el fl칰or no se aisl칩 hasta 1866. Es el elemento con mayor electronegatividad y reactividad de todos. Su gas es de color amarillo p치lido, es corrosivo y reacciona con la mayor칤a de las sustancias org치nicas e inorg치nicas. El fl칰or puro y los iones de fluoruro son altamente t칩xicos y presentan un caracter칤stico olor penetrante. El fl칰or y sus compuestos ayudan a producir uranio (a partir de hexafluoruro) y m치s de 100 productos qu칤micos comerciales y pl치sticos para altas temperaturas. El 치cido fluorh칤drico se utiliza para grabados en vidrio y los fluoroclorohidrocarburos como refrigerante para aires acondicionados y refrigeraci칩n. El fluoruro soluble en agua potable se ha utilizado para ayudar a evitar las caries dentales."
Ne칩n,Ne,neon,Noble gases,2,R,10,20.18,-248,-248.7,Gas,[He] 2s22p6,1s22s22p6,"El ne칩n se descubri칩 en 1898 y es un elemento poco frecuente y gaseoso. En su forma natural, es una mezcla de tres is칩topos. Tambi칠n se han identificado otros seis is칩topos menos estables. El ne칩n es muy inerte, pero se ha documentado la existencia de un compuesto de fl칰or-ne칩n. Tambi칠n forma un hidrato inestable. El ne칩n tiene m치s capacidad refrigerante por volumen que el helio l칤quido y triplica la del hidr칩geno l칤quido. El ne칩n se usa con mayor frecuencia en avisos publicitarios, pero tambi칠n es un componente en indicadores de alto voltaje, pararrayos y tubos de ond치metros. El ne칩n tambi칠n se usa con el helio para fabricar l치seres gaseosos."
Sodio,Na,sodium,Alkali metals,3,A,11,22.99,97.8,883,S칩lido,[Ne] 3s1,1s22s22p63s1,"Aunque se reconoc칤a en compuestos, el sodio no se aisl칩 hasta 1807. El sodio es bastante abundante en el Sol y las estrellas, es el cuarto elemento m치s abundante en la Tierra y es el tipo de metal alcalino que se encuentra con mayor frecuencia. El sodio nunca se encuentra en estado libre en la naturaleza. Es un metal blando, brillante y de color plateado que flota en el agua. Puede inflamarse espont치neamente en contacto con el agua y en condiciones normales no arde en contacto con el aire a temperaturas inferiores a 115 츽춿C. Su compuesto m치s frecuente es el cloruro de sodio (sal com칰n), pero tambi칠n se encuentra en el nitrato de sodio, la criolita, el anf칤bol, la zeolita y muchos otros minerales. Los compuestos de sodio son importantes en las industrias del papel, el vidrio, el jab칩n, los textiles, el petr칩leo, los productos qu칤micos y la metal칰rgica."
Magnesio,Mg,magnesium,Alkaline earth metals,3,B,12,24.31,649,1090,S칩lido,[Ne] 3s2,1s22s22p63s2,"El magnesio se reconoci칩 en 1755 y se aisl칩 por primera vez en 1808. Es el octavo elemento m치s abundante en la corteza terrestre y se encuentra principalmente en la magnesita, la dolomita y otros minerales. El magnesio es un metal ligero, de color blanco plateado y bastante duro. Se deslustra ligeramente en contacto con el aire, arde f치cilmente si se calienta y produce una llama blanca deslumbrante. Se utiliza para flashes fotogr치ficos, luces de bengala, pirotecnia y bombas incendiarias. Es m치s ligero que el aluminio y sus aleaciones son esenciales para la construcci칩n de aviones y misiles. El hidr칩xido (leche de magnesia), el cloruro, el sulfato (sales de Epsom) y el citrato son formas del magnesio que se usan con fines medicinales. El magnesio org치nico es importante para la vida vegetal y animal."
Aluminio,Al,aluminium,Other metals,3,M,13,26.98,660,2467,S칩lido,[Ne] 3s23p1,1s22s22p63s23p1,"El aluminio se usaba originalmente como astringente y mordiente para tintorer칤a y se aisl칩 en 1827. Originalmente en ingl칠s se le llam칩 츽춺alumium츽췉 (alumio), pero la American Chemical Society adopt칩 el nombre 츽춺aluminum츽췉 (aluminio) en 1925. El aluminio es el metal m치s abundante en la corteza terrestre (8,1 %) y se encuentra en la arcilla, la criolita, el granito y muchos otros minerales comunes. El aluminio es de color blanco plateado, ligero, no es magn칠tico y no produce chispas, y est치 en segundo lugar entre los metales por su maleabilidad y en sexto lugar por su ductilidad. El aluminio puro es blando y no es muy fuerte, pero las aleaciones con cobre, magnesio, silicio, manganeso y otros elementos potencian su utilidad."
Silicio,Si,silicon,Metalloids,3,N,14,28.09,1410,2355,S칩lido,[Ne] 3s23p2,1s22s22p63s23p2,"El silicio impuro y amorfo se prepar칩 en 1811 y se purific칩 en 1824. El silicio cristalino, la segunda forma alotr칩pica del elemento, se prepar칩 en 1854. El silicio cristalino es de color gris치ceo y tiene un brillo met치lico. Aunque es relativamente inerte, reacciona con hal칩genos y bases diluidos, y no se ve afectado por la mayor칤a de los 치cidos. El silicio est치 presente en el Sol y las estrellas y en los meteoritos conocidos como aerolitos. No se encuentra en la naturaleza en su estado libre, sino que usualmente se presenta en forma de 칩xido y silicatos. El silicio se encuentra en la arena, el cuarzo, el cristal de roca, la amatista, la 치gata, el s칤lex, el jaspe, el 칩palo, el granito, la hornblenda, el amianto, el feldespato, la arcilla, la mica y otros minerales."
F칩sforo,P,phosphorus,Non metal,3,O,15,30.97,44.1,280,S칩lido,[Ne] 3s23p3,1s22s22p63s23p3,"El f칩sforo se descubri칩 en 1669 y existe en cuatro o m치s formas alotr칩picas, que incluyen el f칩sforo blanco (o amarillo), rojo y negro (o violeta). El f칩sforo es un s칩lido de color blanco ceroso y es incoloro y transparente en estado puro. El f칩sforo es insoluble en agua, soluble en sulfuro de carbono y se inflama espont치neamente en contacto con el aire. El f칩sforo es t칩xico y tan solo 50 mg corresponden a una dosis letal. Mantenga el f칩sforo sumergido en agua y manip칰lelo con pinzas para evitar quemaduras. No se encuentra en la naturaleza en estado libre; suele encontrarse combinado en minerales. Los 치cidos fosf칩ricos concentrados son importantes para la agricultura y los cultivos como componentes de fertilizantes. Tambi칠n se usan para producir cristales especiales, porcelana fina y levadura qu칤mica."
Azufre,S,sulfur,Non metal,3,P,16,32.07,112.8,444.7,S칩lido,[Ne] 3s23p4,1s22s22p63s23p4,"El azufre es esencial para la vida y es un componente menor de grasas, l칤quidos y secreciones corporales y minerales 칩seos. Es un s칩lido inodoro, de color amarillo p치lido y fr치gil que es insoluble en agua, pero es soluble en sulfuro de carbono. Se puede encontrar en varias formas: gaseosa, l칤quida o s칩lida. El azufre de alta pureza est치 disponible comercialmente en purezas superiores al 99,999 %. Existen once is칩topos de azufre y los cuatro que se encuentran en la naturaleza son radioactivos. El azufre se encuentra de forma natural en las proximidades de los volcanes y aguas termales. Se encuentra en las piritas, la galena, la esfalerita, el cinabrio, la estibina, el yeso, las sales de Epsom, la celestina, la baritina y otros minerales. El azufre tambi칠n se encuentra en meteoritos y en forma de gas natural y petr칩leo crudo."
Cloro,Cl,chlorine,Halogens,3,Q,17,35.45,-101,-34.6,Gas,[Ne] 3s23p5,1s22s22p63s23p5,"El cloro se descubri칩 en 1774 y se identific칩 claramente como un elemento y se le puso un nombre en 1810. El cloro forma parte del grupo de elementos hal칩genos o formadores de sales. En la naturaleza, el cloro solo se encuentra en un estado combinado, la mayor칤a de las veces como sal com칰n (NaCI), carnalita y silvina. Como gas, es de color amarillo verdoso y combina con pr치cticamente todos los elementos. En su forma gaseosa, el cloro es un irritante respiratorio y la exposici칩n prolongada puede ser mortal. El cloro se usa para producir agua potable segura y para la fabricaci칩n de productos de papel, tintes, textiles, productos de petr칩leo, medicamentos, antis칠pticos, insecticidas, alimentos, disolventes, pinturas, pl치sticos y muchos otros productos."
Arg칩n,Ar,argon,Noble gases,3,R,18,39.95,-189.2,-185.7,Gas,[Ne] 3s23p6,1s22s22p63s23p6,"Se sospechaba de la presencia del arg칩n ya desde 1785 y se descubri칩 de forma oficial en 1894. Tanto en su forma gaseosa como l칤quida, el arg칩n es incoloro e inodoro. El arg칩n es un gas inerte y no forma verdaderos compuestos qu칤micos. En su forma natural, el arg칩n se compone de una mezcla de tres is칩topos. Tambi칠n existen doce is칩topos radioactivos. El arg칩n se usa para bombillas de l치mparas incandescentes y fluorescentes, y para los fototubos y tubos incandescentes. El arg칩n se usa como un gas de protecci칩n para la soldadura y corte con arco, act칰a como una manta en la producci칩n de titanio y otros elementos reactivos, y ofrece una atm칩sfera protectora para el crecimiento de cristales de silicio y germanio."
Potasio,K,potassium,Alkali metals,4,A,19,39.1,63.25,760,S칩lido,[Ar] 4s1,1s22s22p63s23p64s1,"El potasio se descubri칩 en 1807 y es el s칠ptimo metal m치s abundante. El potasio no se encuentra en la naturaleza en estado libre y la mayor칤a de los minerales que lo contienen son insolubles, por lo que es dif칤cil de obtener. Es el metal m치s reactivo y electropositivo, y el m치s ligero despu칠s del litio. El potasio es blando y de color plateado, se puede cortar con un cuchillo, se oxida r치pidamente en contacto con el aire y debe almacenarse sumergido en un aceite mineral como el queroseno. Se descompone en el agua para producir hidr칩geno y se enciende espont치neamente en contacto con el aire. El potasio tiene 17 is칩topos, entre los que se encuentra una forma radioactiva. La mayor demanda de potasio es en fertilizantes debido a que es esencial para el crecimiento de las plantas. Tambi칠n son importantes muchas sales de potasio, como el hidr칩xido, el nitrato, el carbonato, el cloruro, el clorato, el bromuro, el yoduro, el cianuro, el sulfato, el cromato y el dicromato."
Calcio,Ca,calcium,Alkaline earth metals,4,B,20,40.08,839,1484,S칩lido,[Ar] 4s2,1s22s22p63s23p64s2,"El calcio puro se descubri칩 en 1808. Este metal alcalinot칠rreo es el quinto m치s abundante de la corteza terrestre y se encuentra en hojas, huesos, dientes y conchas. No se encuentra en la naturaleza por s칤 solo y se puede encontrar como parte de la piedra caliza, el yeso y la fluorita. Este metal bastante duro tiene un color plateado y forma una capa blanca en contacto con el aire, reacciona con el agua y arde con una llama de color rojo amarillento. Se utilizan ampliamente tanto los compuestos naturales como los sint칠ticos. Cuando se mezcla con la arena, el 칩xido de calcio endurece la argamasa y el yeso, y el calcio presente en la piedra caliza es un ingrediente clave en el cemento Portland. Otros compuestos importantes son el carburo, el cloruro, la cianamida, el hipoclorito, el nitrato y el sulfuro."
Escandio,Sc,scandium,Transition metals,4,C,21,44.96,1541,2832,S칩lido,[Ar] 4s23d1,1s22s22p63s23p64s23d1,"El escandio se descubri칩 en 1878 en los minerales euxenita y gadolinita. Se encuentran cantidades diminutas de escandio en m치s de 800 minerales y es mucho m치s abundante en el Sol y ciertas estrellas que en la Tierra. El escandio es un metal alcalinot칠rreo que forma un color amarillo o rosa cuando se expone al aire. Es relativamente blando y ligero, reacciona con el agua y su llama es de un color rojo amarillento. Las l치mparas de alta intensidad usan escandio y su is칩topo radioactivo se utiliza como un agente trazador en craqueo de refiner칤as de petr칩leo crudo. El yoduro de escandio que se a침ade a las l치mparas de vapor de mercurio produce una fuente lum칤nica de alta eficiencia semejante a la luz solar, lo que es importante para televisores en color para uso en interiores o nocturno."
Titanio,Ti,titanium,Transition metals,4,D,22,47.87,1660,3287,S칩lido,[Ar] 4s23d2,1s22s22p63s23p64s23d2,"El titanio se descubri칩 en 1791 y se le puso un nombre en 1795, pero no fue posible producir metal de titanio puro hasta 1910. Es un metal brillante de color blanco con baja densidad, buena fuerza y una excelente resistencia a la corrosi칩n. Solo es d칰ctil cuando est치 libre de ox칤geno, arde en contacto con el aire y es el 칰nico elemento que arde en nitr칩geno. El metal de titanio es inerte desde el punto de vista fisiol칩gico. El titanio natural est치 formado por cinco is칩topos estables y se conocen otros ocho is칩topos inestables. El titanio se encuentra en los meteoritos y el Sol, y se ha encontrado en rocas lunares. Es el noveno elemento m치s abundante en la corteza terrestre y pr치cticamente siempre est치 presente en rocas 칤gneas, as칤 como en el rutilo, la ilmenita, la titanita, el titanato, las menas de hierro y otros minerales."
Vanadio,V,vanadium,Transition metals,4,E,23,50.94,1890,3380,S칩lido,[Ar] 4s23d3,1s22s22p63s23p64s23d3,"El vanadio se descubri칩 por primera vez en 1801, pero no se identific칩 correctamente y se redescubri칩 en 1830. El vanadio en su estado natural es una mezcla de dos is칩topos. Existen otros nueve is칩topos inestables. El vanadio puro es un metal blando, d칰ctil y de color blanco brillante con buena resistencia estructural y resistencia a la corrosi칩n de bases, 치cido sulf칰rico, 치cido clorh칤drico y agua salada. El vanadio se encuentra en la carnotita, la roscoelita, la vanadinita, la patronita y en muchos otros minerales. El vanadio tambi칠n se encuentra en la fosforita, ciertas menas de hierro, el petr칩leo crudo y los meteoritos. Se utiliza habitualmente en aplicaciones nucleares y para la fabricaci칩n de aceros resistentes a la oxidaci칩n y de herramientas de alta velocidad. Asimismo, se usa como estabilizador de carburo en la fabricaci칩n de aceros."
Cromo,Cr,chromium,Transition metals,4,F,24,52,1857,2672,S칩lido,[Ar] 4s13d5,1s22s22p63s23p64s13d5,"El cromo es un metal duro, de color gris acerado y brillante que se descubri칩 en 1797. Se encuentra principalmente en menas de cromo y se suele producir mediante la reducci칩n del 칩xido con aluminio. El cromo se utiliza para endurecer el acero, fabricar acero inoxidable y formar otras aleaciones. Cuando se utiliza para galvanizados, produce una superficie dura, lisa y resistente a la corrosi칩n. El cromo otorga a los cristales un color verde esmeralda y tambi칠n se usa como catalizador. Todos los compuestos de cromo tienen color y son 칰tiles para una variedad de aplicaciones industriales. Los compuestos de cromo son t칩xicos y deben manipularse adecuadamente. El cromo est치 presente en determinados alimentos, pero es t칩xico en exceso."
Manganeso,Mn,manganese,Transition metals,4,G,25,54.94,1244,1962,S칩lido,[Ar] 4s23d5,1s22s22p63s23p64s23d5,"El manganeso, aislado en 1774, es de color blanco gris치ceo, m치s duro que el hierro y muy fr치gil. Es reactivo qu칤micamente y se utiliza para formar importantes aleaciones ferromagn칠ticas y de otros tipos. El manganeso mejora la manipulaci칩n del acero y le a침ade fuerza, rigidez, resistencia ante el desgaste y dureza. El manganeso puro existe en cuatro formas alotr칩picas. Los minerales de manganeso, como los 칩xidos, silicatos y carbonatos, son frecuentes. Actualmente, el manganeso se obtiene a partir de menas y minerales como la pirolusita y la rodocrosita. El manganeso es un microelemento importante en biolog칤a y puede que est칠 relacionado con la capacidad de utilizar vitamina B1. La forma de permanganato se usa como agente oxidante en an치lisis cuantitativos y en medicina."
Hierro,Fe,iron,Transition metals,4,H,26,55.85,1535,2750,S칩lido,[Ar] 4s23d6,1s22s22p63s23p64s23d6,"El hierro es un metal relativamente abundante que se encuentra en el Sol y otras estrellas, y en los meteoritos. Es el cuarto elemento m치s abundante en la corteza terrestre por peso. El hierro puro es muy reactivo y se corroe r치pidamente. Tiene cuatro formas alotr칩picas o ferritas; la forma alfa es magn칠tica, pero el magnetismo desaparece en la forma beta. El hierro es duro, fr치gil, bastante fusible y se utiliza para producir acero y otras aleaciones. El hierro com칰n se compone de cuatro is칩topos y se sabe que existen otros diez is칩topos. El hierro es vital para las funciones de las plantas y animales, y se encarga de transportar ox칤geno en la hemoglobina."
Cobalto,Co,cobalt,Transition metals,4,I,27,58.93,1495,2870,S칩lido,[Ar] 4s23d7,1s22s22p63s23p64s23d7,"El cobalto se descubri칩 en 1735. Se encuentra en la cobaltita, la escuterudita, la eritrina y otros minerales, y es un subproducto del procesamiento de menas de n칤quel, plata, plomo, cobre y hierro. El cobalto es un metal fr치gil y duro que en su estado habitual es una mezcla de dos al칩tropos. El cobalto-60 artificial es una fuente importante de rayos gamma y se usa como agente radioterap칠utico. En las aleaciones, se usa para pigmentos y herramientas de corte de alta velocidad, gran resistencia y resistentes a altas temperaturas; en aceros magn칠ticos e inoxidables; y en turbinas de aviaci칩n y generadores de turbinas de gas. Las sales de cobalto producen tonalidades y tintes permanentes de color azul brillante en la porcelana, el vidrio, la cer치mica, los azulejos y los esmaltados. Los compuestos de cobalto se pueden utilizar para el tratamiento de deficiencias de minerales en animales."
N칤quel,Ni,nickel,Transition metals,4,J,28,58.69,1453,2730,S칩lido,[Ar] 4s23d8,1s22s22p63s23p64s23d8,"El n칤quel, descubierto en 1751, se encuentra en meteoritos y puede utilizarse para diferenciar los meteoritos de otros minerales. El n칤quel natural se compone de cinco is칩topos estables y existen nueve is칩topos inestables. El n칤quel es un metal de color blanco plateado de alta pulibilidad. Es duro, maleable, d칰ctil, presenta cierto grado de ferromagnetismo y es un buen conductor t칠rmico y el칠ctrico. Se utiliza para fabricar acero inoxidable y hace que otras aleaciones sean m치s resistentes a la corrosi칩n. El n칤quel se usa en monedas y en acero niquelado para blindaje y b칩vedas a prueba de robos. El revestimiento de n칤quel proporciona una capa protectora para otros metales. El n칤quel se utiliza tambi칠n en cer치mica, fabricaci칩n de imanes y en bater칤as recargables, y les da un color verdoso a los cristales."
Cobre,Cu,copper,Transition metals,4,K,29,63.55,1083,2567,S칩lido,[Ar] 4s13d10,1s22s22p63s23p64s13d10,"La explotaci칩n de minas de cobre existe desde hace 5000 a침os. Es un metal rojizo que tiene un lustre brillante. Es maleable y d칰ctil, y es un buen conductor de calor y electricidad. El cobre puede encontrarse en su estado natural en grandes dep칩sitos de menas de sulfuros, 칩xidos y carbonatos. Tambi칠n se encuentra en la cuprita, la malaquita, la azurita, la calcopirita, la bornita y otros minerales. El mayor uso que se le da al cobre es en la industria el칠ctrica y sus aleaciones, lat칩n y bronce, se utilizan en monedas y metales de armas de fuego. El cobre tambi칠n se utiliza como veneno en la agricultura y como alguicida. Los compuestos de cobre se usan ampliamente en las pruebas de qu칤mica anal칤tica."
Cinc,Zn,zinc,Transition metals,4,L,30,65.38,419.6,906,S칩lido,[Ar] 4s23d10,1s22s22p63s23p64s23d10,"Antes de identificarse como elemento, el cinc se utilizaba para fabricar lat칩n. El metal se redescubri칩 en Europa en 1746. El cinc es un metal lustroso de color blanco azulado, fr치gil a temperatura ambiente y, cuando se superan los 100 츽춿C, se hace maleable y presenta superplasticidad. Es un buen conductor de electricidad y se enciende en contacto con el aire a altas temperaturas. Las principales fuentes de cinc son las menas de esfalerita (sulfuro), smithsonita (carbonato), hemimorfita (silicato) y franklinita (칩xido de cinc, hierro y manganeso). El cinc natural incluye cinco is칩topos estables y se conocen otros diecis칠is is칩topos inestables. El cinc tambi칠n se utiliza para galvanizar otros metales con el fin de evitar la oxidaci칩n."
Galio,Ga,gallium,Other metals,4,M,31,69.72,29.8,2403,S칩lido,[Ar] 4s23d104p1,1s22s22p63s23p64s23d104p1,"Mendel칠yev predijo la existencia del galio (que describi칩 como eka-aluminio) y se descubri칩 en 1875. El galio se suele encontrar en el di치sporo, la esfalerita, la germanita, la bauxita y el carb칩n. El galio ultra puro es de color plateado y en su forma de metal s칩lido se rompe de forma similar al vidrio. Se utiliza en aleaciones con puntos de fusi칩n bajos con la mayor칤a de metales. Debido a que el galio se expande a medida que se solidifica, debe almacenarse en un contenedor flexible. El galio puede estar en estado l칤quido cerca de la temperatura ambiente, por lo que es 칰til para term칩metros de altas temperaturas. Tambi칠n tiende a sobre fusionarse por debajo de su punto de congelaci칩n. El galio forma un espejo cuando se pinta sobre el cristal y se utiliza ampliamente en semiconductores, transistores y otros dispositivos de estado s칩lido."
Germanio,Ge,germanium,Metalloids,4,N,32,72.63,947.4,2830,S칩lido,[Ar] 4s23d104p2,1s22s22p63s23p64s23d104p2,"Mendel칠yev predijo la existencia del germanio (al que llam칩 eka-silicio). Se descubri칩 en 1886. En su estado puro, este metaloide es de color blanco gris치ceo, cristalino y fr치gil. Se encuentra en la argirodita (un sulfuro de germanio y plata), la germanita, las menas de cinc, el carb칩n y otros minerales. El germanio es un semiconductor muy importante y se utiliza como un elemento en transistores para aplicaciones electr칩nicas. Puede utilizarse como un catalizador, un agente de aleaci칩n y como revestimiento fosforescente en l치mparas fluorescentes. El elemento y su 칩xido son transparentes si se someten a luz infrarroja y se utilizan en espectrofot칩metros y detectores de luz infrarroja. El germanio tambi칠n se ha utilizado en objetivos de c치maras gran angular y en lentes de microscopios."
Ars칠nico,As,arsenic,Metalloids,4,O,33,74.92,817,617,S칩lido,[Ar] 4s23d104p3,1s22s22p63s23p64s23d104p3,"Es posible que el ars칠nico se haya obtenido por primera vez en 1250 a. C., pero las instrucciones de preparaci칩n no se publicaron hasta 1649. El ars칠nico es un s칩lido fr치gil, cristalino y semimet치lico que se deslustra cuando se expone al aire. El ars칠nico puro se encuentra en la forma amarilla o gris met치lica, cuyas densidades relativas son ligeramente distintas. Cuando se calienta, se oxida r치pidamente y se convierte en 칩xido de ars칠nico, que tiene un olor similar al ajo. El ars칠nico y sus compuestos son t칩xicos. Los compuestos 칰tiles del ars칠nico son el tri칩xido de ars칠nico, el sulfuro de ars칠nico, el Verde de Par칤s, el arseniato de calcio y el arseniato de plomo. Algunos de los usos del ars칠nico son para el revestimiento de bronce, la pirotecnia y el endurecimiento y mejora de perdigones. Sus compuestos se han usado en insecticidas y venenos en la agricultura."
Selenio,Se,selenium,Non metal,4,P,34,78.97,217,685,S칩lido,[Ar] 4s23d104p4,1s22s22p63s23p64s23d104p4,"El selenio se descubri칩 en 1817 y se encuentra en varias formas alotr칩picas y con estructuras amorfas o cristalinas. Como parte de la familia del azufre, es similar a este en su forma y en sus compuestos. El selenio amorfo es rojo (forma de polvo) o negro (forma v칤trea); la versi칩n monocl칤nica cristalina es de color rojo oscuro y la forma hexagonal cristalina estable es de color gris met치lico. El selenio puro contiene seis is칩topos estables y se han encontrado otros quince. El selenio se encuentra en la crookesita, la clausthalita y otros minerales poco frecuentes. Tiene tanto propiedades fotovoltaicas como fotoconductoras y se utiliza en paneles solares, fotorresistores y expos칤metros para fotograf칤a."
Bromo,Br,bromine,Halogens,4,Q,35,79.9,-7.2,58.8,L칤quido,[Ar] 4s23d104p5,1s22s22p63s23p64s23d104p5,"El bromo se descubri칩 en 1826, pero no se prepar칩 en grandes cantidades hasta 1860. El bromo es un elemento l칤quido no met치lico. Es un l칤quido denso de color marr칩n rojizo que produce un vapor rojo con un olor caracter칤stico y desagradable. El vapor irrita los ojos y la garganta, y al exponerlo a la piel produce 칰lceras dolorosas. El bromo reacciona con muchos elementos, es f치cilmente soluble en agua o sulfuro de carbono y se puede extraer a partir de salmueras y agua de mar. El bromo se utiliza en pesticidas para fumigaci칩n, agentes a prueba de fuego, compuestos de purificaci칩n de agua, tintes, medicinas, soluciones antis칠pticas y sustancias qu칤micas para fotograf칤a. Los compuestos org치nicos e inorg치nicos de bromo tambi칠n tienen aplicaciones importantes en muchas industrias."
Cript칩n,Kr,krypton,Noble gases,4,R,36,83.8,-157,-152,Gas,[Ar] 4s23d104p6,1s22s22p63s23p64s23d104p6,"El espectro de cript칩n, descubierto en 1898, fue el est치ndar internacional para la longitud del metro entre 1960 y 1983. El cript칩n es uno de los gases nobles y est치 caracterizado por su espectro de l칤neas brillantes verdes y naranjas. El cript칩n s칩lido es una sustancia cristalina blanca con una estructura frecuente en todos los gases poco frecuentes. El cript칩n en su estado natural tiene seis is칩topos estables. Tambi칠n se han identificado diecisiete is칩topos inestables. Aunque se considera inerte, se ha demostrado la existencia de algunos compuestos del cript칩n. El cript칩n se utiliza en algunas l치mparas de flases fotogr치ficos para fotograf칤as de alta velocidad."
Rubidio,Rb,rubidium,Alkali metals,5,A,37,85.47,38.9,686,S칩lido,[Kr] 5s1,1s22s22p63s23p64s23d104p65s1,"El rubidio se descubri칩 espectrosc칩picamente en 1861 en el mineral lepidolita. Este elemento es m치s abundante de lo que se pensaba inicialmente y tambi칠n se encuentra en la polucita, la leucita, la zinnwaldita y otros minerales. El rubidio es un elemento met치lico blando y de color plateado que se encuentra en forma l칤quida a temperatura ambiente. Se enciende espont치neamente en contacto con el aire, reacciona violentamente si se expone al agua y debe mantenerse sumergido en aceite o en atm칩sferas inertes. Puede formar amalgamas con mercurio y aleaciones con oro, cesio, sodio y potasio. Adem치s, produce una llama violeta amarillenta. Se conocen veinticuatro is칩topos de rubidio; su forma natural es radioactiva e incluye dos is칩topos. El rubidio tambi칠n forma cuatro 칩xidos. Este elemento se ioniza con facilidad y se ha investigado su uso para motores i칩nicos para veh칤culos espaciales. Se utiliza en v치lvulas termoi칩nicas, fotorresistencias y vidrios especiales."
Estroncio,Sr,strontium,Alkaline earth metals,5,B,38,87.62,769,1384,S칩lido,[Kr] 5s2,1s22s22p63s23p64s23d104p65s2,"El estroncio recibi칩 su nombre por una ciudad en Escocia; se aisl칩 en 1808 y se reconoci칩 en 1790. El estroncio es m치s blando que el agua y se descompone violentamente en ella, como el calcio. El metal puede arder espont치neamente en contacto con el aire, lo que cambia r치pidamente la apariencia plateada de su superficie expuesta a un tono amarillento. El estroncio se puede mantener sumergido en queroseno para evitar la oxidaci칩n. El estroncio natural est치 formado por una mezcla de cuatro formas de is칩topos estables y tambi칠n se conoce la existencia de diecis칠is is칩topos inestables. Las sales vol치tiles de estroncio, que dan un color carmes칤 a la llama, se utilizan en pirotecnia y luces de bengala. El estroncio se encuentra principalmente en los minerales celestita y estroncianita, y puede usarse en la obtenci칩n de im치genes m칠dicas, la producci칩n de imanes de ferrita y la refinaci칩n de cinc."
Itrio,Y,yttrium,Transition metals,5,C,39,88.91,1523,3337,S칩lido,[Kr] 5s24d1,1s22s22p63s23p64s23d104p65s24d1,"El itrio se descubri칩 en 1794 y se encuentra en pr치cticamente todos los minerales de tierras raras. El itrio es relativamente estable cuando est치 expuesto al aire y tiene un brillo met치lico plateado. Sin embargo, las partes peque침as de este metal se encienden en contacto con el aire a temperaturas superiores a 400 C. El itrio natural contiene un is칩topo, pero tambi칠n se han caracterizado diecinueve is칩topos inestables. Las muestras de rocas lunares presentan altas concentraciones de contenido de itrio. Se extrae con fines comerciales de la arena de monocita y de la bastnasita. El 칩xido de itrio se utiliza para la fabricaci칩n de compuestos que dan el color rojo de los tubos de televisores y para producir granates de hierro e itrio para filtros de microondas."
Circ칩n,Zr,zirconium,Transition metals,5,D,40,91.22,1852,4377,S칩lido,[Kr] 5s24d2,1s22s22p63s23p64s23d104p65s24d2,"Aunque la gema circ칩n se conoci칩 primero, el circonio se identific칩 como un nuevo elemento en 1789. Es un metal brillante de color blanco gris치ceo. Si se divide en partes muy peque침as, el metal de circonio puede encenderse espont치neamente en el aire. Es abundante en estrellas de tipo S, el Sol, los meteoritos y las muestras de rocas lunares. El circonio natural incluye cinco is칩topos y existen otros quince. El circonio es excepcionalmente resistente a la corrosi칩n por 치cidos y bases comunes, agua de mar y otros agentes. En su aleaci칩n con cinc, adquiere propiedades magn칠ticas cuando se enfr칤a a temperaturas inferiores a 35 츽춿K. El circonio se utiliza cuando se necesitan agentes corrosivos y es un componente en tubos de vac칤o, agentes de aleaci칩n, aparatos quir칰rgicos, bombillas de flases fotogr치ficos, cebadores explosivos, hileras de ray칩n y filamentos de l치mparas."
Niobio,Nb,niobium,Transition metals,5,E,41,92.91,2468,4742,S칩lido,[Kr] 5s14d4,1s22s22p63s23p64s23d104p65s14d4,"El niobio se descubri칩 en 1801 en una mena y despu칠s de 100 a침os de controversia, su nombre actual reemplaz칩 a la denominaci칩n anterior dada en 1950. El niobio es un metal blando, d칰ctil y de color blanco brillante que se torna azulado con la exposici칩n prolongada al aire. Se conocen dieciocho is칩topos de niobio. Se encuentra en los minerales niobita, niobita-tantalita, pirocloro y euxenita, y los grandes dep칩sitos est치n asociados a rocas de carbonato-silicato. El niobio se usa en varillas de soldadura por arco y en sistemas avanzados de estructuras de aeronaves que se utilizan para viajes espaciales. Sus propiedades superconductoras han ayudado a la fabricaci칩n de imanes que retienen su superconductividad en presencia de campos magn칠ticos intensos."
Molibdeno,Mo,molybdenum,Transition metals,5,F,42,95.95,2617,4612,S칩lido,[Kr] 5s14d5,1s22s22p63s23p64s23d104p65s14d5,"El molibdeno se reconoci칩 como nuevo elemento en 1778 y su primera forma impura se produjo en 1782. Este metal es blanco plateado y es muy duro, aunque es m치s blando y m치s d칰ctil que el tungsteno. Se usa como un agente de aleaci칩n y hace que los aceros enfriados y templados sean m치s duros y fuertes, y mejora su resistencia a altas temperaturas. El molibdeno se oxida a temperaturas elevadas. Se utiliza en aleaciones con base de n칤quel que son resistentes al calor y a la corrosi칩n. Este metal se ha utilizado en hornos para trabajar vidrio que se calientan el칠ctricamente y electrodos de antecrisoles, en aplicaciones de energ칤a nuclear y en piezas de aeronaves y misiles. El molibdeno es un elemento traza esencial para la fijaci칩n del nitr칩geno y otros procesos metab칩licos."
Tecnecio,Tc,technetium,Transition metals,5,G,43,98,2172,4877,S칩lido,[Kr] 5s24d5,1s22s22p63s23p64s23d104p65s24d5,"La tabla peri칩dica fue la primera en predecir la existencia del elemento 43. El tecnecio no se descubri칩 hasta 1937 y fue el primer elemento en fabricarse de manera artificial. Se conocen veintid칩s is칩topos de tecnecio y todos son radiactivos. Tiene tres radiois칩topos de larga vida, pero el is칩topo m치s 칰til tiene un corto per칤odo de semidesintegraci칩n, por lo que es de utilidad en muchas pruebas m칠dicas. El tecnecio es un metal gris plateado y se deslustra lentamente cuando se expone a aire h칰medo. Sus propiedades qu칤micas son parecidas a las del renio: se disuelve en 치cido n칤trico, agua regia y 치cido sulf칰rico concentrado, pero no se disuelve en 치cido clorh칤drico. El tecnecio se utiliza como un inhibidor de corrosi칩n en el acero y es un superconductor a temperaturas iguales o inferiores a 11 츽춿K."
Rutenio,Ru,ruthenium,Transition metals,5,H,44,101.1,2310,3900,S칩lido,[Kr] 5s14d7,1s22s22p63s23p64s23d104p65s14d7,"El rutenio se descubri칩 en 1844, forma parte del grupo del platino y se encuentra naturalmente junto con otros miembros del grupo. El rutenio es un metal duro y blanco con cuatro modificaciones cristalinas. No se deslustra a temperatura ambiente, pero es explosivo cuando se oxida. El rutenio es un endurecedor eficaz para el platino y el paladio, y se utiliza con frecuencia en aleaciones con estos. Es un catalizador vers치til y se ha descrito que la aleaci칩n de rutenio y molibdeno es superconductora a temperaturas de 10,6 츽춿K. Se han encontrado compuestos del rutenio en al menos ocho estados de oxidaci칩n y estos compuestos son similares a los del cadmio."
Rodio,Rh,rhodium,Transition metals,5,I,45,102.9,1966,3727,S칩lido,[Kr] 5s14d8,1s22s22p63s23p64s23d104p65s14d8,"El rodio se descubri칩 entre 1803 y 1804, y se encuentra de forma natural junto con otros metales de platino. Es de color blanco plateado y cambia lentamente al sesqui칩xido cuando se calienta expuesto al aire y vuelve a convertirse en elemento a temperaturas m치s altas. Es altamente reflectante, duro y resistente. El rodio se usa principalmente en aleaciones para endurecer el platino y el paladio, que luego se usan para hornos, elementos de termopares, aisladores, buj칤as para aeronaves y crisoles de laboratorio. Es resistente a la corrosi칩n y su baja resistencia el칠ctrica lo convierte en un buen material para contactos el칠ctricos. El rodio tambi칠n se utiliza como catalizador en instrumentos 칩pticos, as칤 como para joyer칤a y decoraci칩n."
Paladio,Pd,palladium,Transition metals,5,J,46,106.4,1554,3140,S칩lido,[Kr] 4d10,1s22s22p63s23p64s23d104p64d10,"El paladio se descubri칩 en 1803 y se encuentra habitualmente con otros metales del grupo platino. Es un metal blanco plateado que no se deslustra cuando se expone al aire. Es blando y d칰ctil cuando est치 recocido y su resistencia y dureza aumentan cuando se trabaja en fr칤o. A temperatura ambiente, el paladio puede absorber el hidr칩geno en cantidades de hasta 900 veces su propio volumen. El paladio puede utilizarse como catalizador para los procesos de hidrogenaci칩n y deshidrogenaci칩n. Sus aleaciones se usan en joyer칤a y se puede formar una hoja de paladio (grosor de 1/250 000 pulgadas). El metal de paladio se utiliza en la odontolog칤a, la fabricaci칩n de relojes, instrumentos quir칰rgicos y contactos el칠ctricos."
Plata,Ag,silver,Transition metals,5,K,47,107.9,962,2212,S칩lido,[Kr] 5s14d10,1s22s22p63s23p64s23d104p65s14d10,"La plata se conoce desde la antig캑컇edad. Se encuentra de forma natural en la argentita, la clorargirita, el plomo, el plomo-cinc, el cobre, el oro, el cobre-n칤quel y en otros minerales. La plata pura es de color blanco brillante. Es un poco m치s dura que el oro, es maleable y d칰ctil, con una gran conductividad el칠ctrica y t칠rmica, y baja resistencia de contacto. La plata es estable en contacto con el aire puro y el agua, y se deslustra cuando se expone al ozono, al 치cido sulfh칤drico o a aire que contiene sulfuro. La aleaci칩n de plata de ley se usa para joyer칤a y cuberter칤a de plata; adem치s, la plata es importante en fotograf칤a, aleaciones dentales, aleaciones de soldaduras y soldaduras fuertes, contactos el칠ctricos y bater칤as de alta capacidad. La plata en s칤 misma no es t칩xica, pero la mayor칤a de sus sales s칤 lo son."
Cadmio,Cd,cadmium,Transition metals,5,L,48,112.4,320.9,765,S칩lido,[Kr] 5s24d10,1s22s22p63s23p64s23d104p65s24d10,"El cadmio se descubri칩 en 1817 y se encuentra en asociaci칩n con las menas de cinc. Pr치cticamente todo el cadmio es un subproducto del procesamiento de menas de cinc, cobre y plomo. El cadmio es un metal blando y de color blanco azulado que puede cortarse f치cilmente y es parecido al cinc en cuanto a sus propiedades. Es un componente de aleaciones de bajo punto de fusi칩n y se utiliza en galvanizado, soldaduras, celdas est치ndar de fuerza electromotriz y bater칤as de Ni-Cd. Los compuestos de cadmio se usan en f칩sforos y su sulfato se usa como pigmento amarillo. El cadmio y las soluciones de sus compuestos son t칩xicos. Subestimar las propiedades t칩xicas del cadmio puede exponer a los trabajadores a situaciones peligrosas."
Indio,In,indium,Other metals,5,M,49,114.8,156.6,2080,S칩lido,[Kr] 5s24d105p1,1s22s22p63s23p64s23d104p65s24d105p1,"El indio se descubri칩 espectrosc칩picamente en 1863, se aisl칩 en 1864 y recibi칩 su nombre por la l칤nea color 칤ndigo (azul) en su espectro. Se asocia frecuentemente con los materiales de cinc, es un subproducto del refinado de cinc y se puede encontrar en minas de hierro, plomo y cobre. Este metal del bloque p es muy blando y de un color blanco plateado con un lustre brillante. El indio moja el vidrio y produce un ruido agudo cuando se dobla (debido a la agrupaci칩n de los cristales). El indio es esencial para la tecnolog칤a moderna, especialmente en la industria de los semiconductores. Se usa para producir aleaciones con bajas temperaturas de fusi칩n, en los sellos de metal blanco de alto vac칤o, para crear revestimientos conductores transparentes sobre vidrio y en transistores, rectificadores, termistores y fotoconductores."
Esta침o,Sn,tin,Other metals,5,N,50,118.7,232,2270,S칩lido,[Kr] 5s24d105p2,1s22s22p63s23p64s23d104p65s24d105p2,"El esta침o, proveniente del lat칤n 츽춺stannum츽췉, se conoce desde la antig캑컇edad. El esta침o se encuentra principalmente en menas de casiterita y se obtiene mediante el procesamiento de menas con carb칩n en un horno de reverbero. El esta침o ordinario es un metal maleable de color blanco plateado y con cierto grado de ductilidad y altamente cristalino. La distorsi칩n de los cristales pueden producir un 츽춺grito츽췉 audible cuando se dobla un trozo de esta침o. El esta침o contiene nueve is칩topos estables y se conocen otros 18 is칩topos inestables. El esta침o tiene buena pulibilidad y se usa como un revestimiento para evitar la corrosi칩n en otros metales. Algunas aleaciones importantes con esta침o son la soldadura blanda, las aleaciones tipogr치ficas, el peltre, el bronce, el metal de campana, el metal Babbitt, el metal blanco, las aleaciones para moldeo en matriz y el bronce fosforado."
Antimonio,Sb,antimony,Metalloids,5,O,51,121.8,631,1950,S칩lido,[Kr] 5s24d105p3,1s22s22p63s23p64s23d104p65s24d105p3,"El antimonio se reconoci칩 desde la antig캑컇edad y se conoce como metal desde al menos el siglo XVII. El antimonio es abundante y se encuentra en m치s de 100 minerales, con mayor frecuencia en la forma de sulfuro de antimonio. El antimonio no es buen conductor de calor y electricidad, y muchos de sus compuestos son t칩xicos. Se utiliza para fabricar detectores infrarrojos, diodos y otros dispositivos. Dado que aumenta la resistencia y dureza del plomo, aproximadamente la mitad del antimonio disponible se usa para producir bater칤as, aleaciones, metales, balas, revestimiento de cables y otros productos menores. Los compuestos de antimonio (칩xidos, sulfuros, antimoniato de sodio, tricloruro de antimonio y otros) se utilizan en materiales a prueba de fuego, pinturas y esmaltes de cer치mica, vidrio y alfarer칤a."
Telurio,Te,tellurium,Metalloids,5,P,52,127.6,449.5,989.8,S칩lido,[Kr] 5s24d105p4,1s22s22p63s23p64s23d104p65s24d105p4,"El telurio, descubierto en 1782 y aislado en 1798, es fr치gil en su forma cristalina y presenta un color blanco plateado con un brillo met치lico. En su estado natural, la mayor parte del tiempo se encuentra como teluro de oro (calaverita) o combinado con otros metales. El telurio natural se compone de ocho is칩topos pero se conocen otros treinta is칩topos artificiales. El telurio es un semiconductor tipo P, que exhibe diferente conductividad dependiendo de la alineaci칩n de los 치tomos y gana conductividad cuando se expone a la luz. Produce llamas de color azul verdoso. El telurio y sus compuestos son altamente t칩xicos. El telurio mejora la manipulaci칩n del cobre y el acero inoxidable, disminuye la corrosi칩n y aumenta la resistencia y dureza del plomo."
Yodo,I,iodine,Halogens,5,Q,53,126.9,113.5,184,S칩lido,[Kr] 5s24d105p5,1s22s22p63s23p64s23d104p65s24d105p5,"El yodo es un hal칩geno descubierto en 1811. El yodo es un s칩lido brillante de color negro azulado que a temperatura ambiente se convierte en un gas de color violeta azulado con un olor caracter칤stico. Forma compuestos, pero es menos reactivo que otros hal칩genos. El yodo tiene algunas propiedades met치licas, es altamente soluble en agua y forma una soluci칩n p칰rpura cuando se disuelve en cloroformo, tetracloruro de carbono o sulfuro de carbono. Se han reconocido treinta is칩topos de yodo y solo se ha encontrado un is칩topo estable en la naturaleza. El radiois칩topo artificial I-131 se utiliza para el tratamiento de alteraciones de la gl치ndula tiroides. Los compuestos del yodo se utilizan en qu칤mica org치nica y medicina. Se debe tener cuidado al manipular y utilizar el yodo, ya que causa lesiones al contacto con la piel e irrita los ojos y las mucosas."
Xen칩n,Xe,xenon,Noble gases,5,R,54,131.3,-111.8,-107.1,Gas,[Kr] 5s24d105p6,1s22s22p63s23p64s23d104p65s24d105p6,"El xen칩n se descubri칩 en 1898 y es un gas noble o inerte. Est치 presente en las atm칩sferas de la Tierra y Marte y en gases de algunos manantiales minerales. El xen칩n natural tiene nueve is칩topos estables y se conocen 20 is칩topos inestables. Se han creado m치s de 80 compuestos de xen칩n con xen칩n enlazado al fl칰or y al ox칤geno. El gas de xen칩n se utiliza en tubos electr칩nicos, l치mparas estrobosc칩picas y bactericidas, y l치mparas de l치ser que producen luz coherente. Los perxenatos se utilizan en la qu칤mica anal칤tica como agentes oxidantes. El xen칩n en s칤 mismo es seguro, pero sus compuestos son altamente t칩xicos debido a sus capacidades oxidativas."
Cesio,Cs,caesium,Alkali metals,6,A,55,132.9,28.4,669,S칩lido,[Xe] 6s1,1s22s22p63s23p64s23d104p65s24d105p66s1,"El cesio es un metal alcalino descubierto mediante espectroscopia en 1860. Se encuentra en la lepidolita, la polucita y en otras fuentes. El cesio es de color blanco plateado, blando y d칰ctil, y es el elemento m치s alcalino y electropositivo. El cesio es uno de los tres metales que son l칤quidos a temperatura ambiente. Reacciona de manera explosiva con el agua fr칤a y con el hielo cuando las temperaturas son superiores a 칙석116 츽춿C. El espectro del metal contiene dos l칤neas azules brillantes y varias l칤neas en las longitudes de onda roja, amarilla y verde. El cesio se utiliza en tubos electr칩nicos y c칠lulas fotoel칠ctricas como un catalizador de la hidrogenaci칩n para compuestos org치nicos espec칤ficos y en relojes at칩micos."
Bario,Ba,barium,Alkaline earth metals,6,B,56,137.3,725,1640,S칩lido,[Xe] 6s2,1s22s22p63s23p64s23d104p65s24d105p66s2,"El bario se descubri칩 en 1808. Se encuentra 칰nicamente junto a otros elementos. Este metal alcalinot칠rreo es met치lico, blando y de color blanco plateado cuando es puro. Se asemeja al calcio. El metal se oxida con facilidad y debe conservarse sumergido en petr칩leo u otros l칤quidos que no contengan ox칤geno. Los compuestos principales del bario son per칩xidos, cloruros, sulfatos, carbonatos, nitratos y cloratos. Se encuentran en pigmentos, pinturas, diagn칩sticos de rayos X y producci칩n de vidrio. Se usan otras formas en lodos benton칤ticos para pozos petrol칤feros, producci칩n de caucho, veneno para ratas y pirotecnia. Los compuestos de bario solubles en agua o 치cidos son venenosos. El bario natural es una mezcla de siete is칩topos estables y se sabe que existen 22 is칩topos radioactivos."
Lantano,La,lanthanum,Lanthanides,8,D,57,138.9,920,3454,S칩lido,[Xe] 6s25d1,1s22s22p63s23p64s23d104p65s24d105p66s25d1,"El lantano se extrajo por primera vez en 1839 y se aisl칩 en una forma relativamente pura en 1923. Se encuentra en la cerita, la monacita, la allanita, la bastnasita y otros minerales de tierras raras. El lantano es un metal de tierras raras de color blanco plateado, maleable, d칰ctil y blando que se oxida r치pidamente cuando se expone al aire. Reacciona directamente con carbono, nitr칩geno, boro, selenio, silicio, f칩sforo, azufre y hal칩genos. El lantano natural es una mezcla de dos is칩topos estables y se reconocen otros 23 is칩topos radioactivos. Los compuestos de tierras raras que contienen lantano se usan mayoritariamente en iluminaci칩n y proyecciones y para la elaboraci칩n de cristales 칩pticos especiales. El lantano y sus compuestos est치n clasificados como de toxicidad aguda de baja a moderada y deben manipularse con cuidado."
Cerio,Ce,cerium,Lanthanides,8,E,58,140.1,798,3257,S칩lido,[Xe] 6s24f15d1,1s22s22p63s23p64s23d104p65s24d105p66s24f15d1,"El cerio se descubri칩 en 1803 y se prepar칩 el metal por primera vez en 1875. Es el metal de tierras raras m치s abundante y se encuentra en la allanita (tambi칠n denominada ortita), la monacita, la bastnasita, la cerita, la samarskita y otros minerales. El cerio es un metal de color gris similar al hierro brillante y maleable que se oxida a temperatura ambiente, y el metal puro se puede encenderse si se raya con un cuchillo. Aunque el cerio no es radioactivo, en grado comercial puede contener trazas de torio radioactivo. El 칩xido de cerio es un constituyente importante de mantos de gas incandescente y est치 en auge como catalizador de hidrocarburos en hornos autolimpiables. Se usan otros compuestos de cerio en la producci칩n de vidrio, agentes de abrillantado de vidrio, iluminaci칩n con arco de carbono, catalizadores refinadores de petr칩leo y aplicaciones metal칰rgicas y nucleares."
Praseodimio,Pr,praseodymium,Lanthanides,8,F,59,140.9,931,3017,S칩lido,[Xe] 6s24f3,1s22s22p63s23p64s23d104p65s24d105p66s24f3,"Semi aislado en 1841, el praseodimio se identific칩 claramente como elemento en 1885. El praseodimio es blando, plateado, maleable, d칰ctil y desarrolla una capa de 칩xido verde cuando se expone al aire. Se encuentra con otros elementos de tierras raras en distintos minerales, principalmente en la monacita y la bastnasita. Los 칩xidos de tierras raras, incluidos los del praseodimio, son algunas de las sustancias m치s refractarias. Junto con otros metales de tierras raras, se usa para arcos de carbono y para a침adir un color amarillo transparente al vidrio y al esmalte. Su presencia en el vidrio de didimio ayuda a proporcionar la coloraci칩n protectora en las gafas para soldadores."
Neodimio,Nd,neodymium,Lanthanides,8,G,60,144.2,1016,3127,S칩lido,[Xe] 6s24f4,1s22s22p63s23p64s23d104p65s24d105p66s24f4,"El neodimio se aisl칩 en 1925 y est치 presente en minerales como la monacita y la bastnasita. Presenta un brillo met치lico plateado y es uno de los metales de tierras raras m치s reactivo. El neodimio natural es una mezcla de siete is칩topos estables, aunque existen otros 14 is칩topos radioactivos. Este elemento es un componente del vidrio coloreado, que aporta tonos de violeta pura a vino tinto y gris c치lido. El vidrio elaborado con neodimio se usa como material l치ser para producir luz coherente y sus sales se utilizan como un colorante del esmalte. El neodimio est치 clasificado con toxicidad aguda de baja a moderada y debe manipularse con precauci칩n."
Prometio,Pm,promethium,Lanthanides,8,H,61,145,1042,3000,S칩lido,[Xe] 6s24f5,1s22s22p63s23p64s23d104p65s24d105p66s24f5,"La existencia del prometio se predijo en 1902 y se confirm칩 en 1914, aunque las b칰squedas del mismo en la Tierra no han tenido 칠xito. Existen dos formas alotr칩picas y se sabe muy poco acerca de sus propiedades. Ning칰n is칩topo conocido del prometio tiene un per칤odo de semidesintegraci칩n superior a 17,7 a침os. El prometio es un emisor de part칤culas beta blando y sus sales son de un color azul p치lido o con un matiz verdoso. Se han creado m치s de 30 compuestos con este elemento. Como fuente de emisi칩n de radiaci칩n beta, se usa para producir luz y bater칤as nucleares de alimentaci칩n. Asimismo, es una posible fuente de radiaci칩n para rayos X port치tiles o de calor y energ칤a para sat칠lites y sondas espaciales."
Samario,Sm,samarium,Lanthanides,8,I,62,150.4,1074,1794,S칩lido,[Xe] 6s24f6,1s22s22p63s23p64s23d104p65s24d105p66s24f6,"El samario se descubri칩 mediante espectroscopia en 1879 en la samarskita mineral. Presenta un lustre plateado brillante y es razonablemente estable en el aire. Existen tres modificaciones cristalinas del metal con transformaciones a 734 y 922 츽춿C. El metal se enciende en el aire a unos 150 츽춿C. Existen 21 is칩topos de samario. Su forma natural es una mezcla de diversos is칩topos, tres de los cuales son inestables con per칤odos de semidesintegraci칩n largos. El samario se usa en la iluminaci칩n con arco de carbono para la industria cinematogr치fica y se ha usado en vidrios 칩pticos y l치seres. Asimismo, se usa como absorbedor de neutrones en reactores nucleares."
Europio,Eu,europium,Lanthanides,8,J,63,152,822,1529,S칩lido,[Xe] 6s24f7,1s22s22p63s23p64s23d104p65s24d105p66s24f7,"El europio se detect칩 por primera vez en 1890 y se aisl칩 en una forma relativamente pura en 1901. El europio tiene una apariencia met치lica de color blanco plateado y se enciende en el aire a una temperatura de entre 150 y 180 츽춿C. Es tan duro como el plomo y bastante d칰ctil. Es el m치s reactivo de los metales de tierras raras, se oxida r치pidamente en el aire y reacciona con agua. Se han reconocido 17 is칩topos de europio. Este elemento se encuentra mayoritariamente en los minerales bastnasita y monacita y se ha identificado espectrosc칩picamente en el Sol y en determinadas estrellas. Los is칩topos de europio se estudian para su posible uso en aplicaciones de control nuclear, mientras que se usa pl치stico tratado con europio como material para l치seres."
Gadolinio,Gd,gadolinium,Lanthanides,8,K,64,157.3,1313,3273,S칩lido,[Xe] 6s24f75d1,1s22s22p63s23p64s23d104p65s24d105p66s24f75d1,"El gadolinio, el 칩xido de gadolinio, se separ칩 en 1880 y se aisl칩 de forma independiente del itrio en 1886. Este metal de tierras raras se obtiene de la gadolinita y de otros minerales. El gadolinio es de color blanco plateado con un brillo met치lico y es maleable y d칰ctil. El metal es relativamente estable en aire seco, pero se deslustra en aire h칰medo. Reacciona con lentitud con agua y se disuelve en 치cido diluido. El gadolinio natural est치 compuesto de siete is칩topos y, en realidad, se han reconocido 17 en total. El gadolinio posee propiedades superconductoras y mejora la manejabilidad y la resistencia a la temperatura y a la oxidaci칩n del hierro, el cromo y otras aleaciones."
Terbio,Tb,terbium,Lanthanides,8,L,65,158.9,1365,3230,S칩lido,[Xe] 6s24f9,1s22s22p63s23p64s23d104p65s24d105p66s24f9,"El terbio se descubri칩 en 1843, es un metal de tierras raras. Se encuentra en la cerita, la gadolinita y otros minerales, y se puede recuperar de la monacita, la xenotima y la euxenita. El gadolinio es de color gris plateado y es maleable y d칰ctil. En realidad, es tan blando que se puede cortar con un cuchillo y bastante estable en el aire. Teniendo eso en cuenta, se puede oxidar y pasar a tener un color chocolate o marr칩n oscuro. De este elemento se conocen 21 is칩topos. El borato de terbio y sodio se utiliza en dispositivos en estado s칩lido. Asimismo, act칰a como estabilizador del cristal en c칠lulas de combustible que funcionan a altas temperaturas."
Disprosio,Dy,dysprosium,Lanthanides,8,M,66,162.5,1412,2567,S칩lido,[Xe] 6s24f10,1s22s22p63s23p64s23d104p65s24d105p66s24f10,"El disprosio se descubri칩 en 1886, pero ni el metal ni su 칩xido estuvieron disponibles hasta 1950. Se produce naturalmente con otros metales de tierras raras en una gama de minerales. Este elemento tiene un lustre met치lico brillante y es relativamente estable a temperatura ambiente. El disprosio se puede cortar con un cuchillo y puede procesarse con m치quinas sin producir chispas si no se sobrecalienta. Sus propiedades f칤sicas pueden verse afectadas de manera significativa por cantidades muy peque침as de impurezas. No existen muchas aplicaciones para el disprosio, pero pueden d치rsele usos metal칰rgicos en aplicaciones de control nuclear o para aleaciones especiales de acero inoxidable. Cuando se combina con otros metales de tierras raras, se usa en materiales para l치seres."
Holmio,Ho,holmium,Lanthanides,8,N,67,164.9,1474,2700,S칩lido,[Xe] 6s24f11,1s22s22p63s23p64s23d104p65s24d105p66s24f11,"Las bandas de absorci칩n espectral del holmio se advirtieron por primera vez en 1878 y la holmia, su 칩xido amarillo, se prepar칩 en 1911. El holmio se produce en la gadolinita, la monacita y otros minerales de tierras raras. El holmio puro posee un lustre plateado brillante y met치lico. Es blando y maleable, estable a temperatura ambiente y en aire seco; adem치s, se oxida r치pidamente en aire h칰medo y temperaturas elevadas. El metal posee propiedades magn칠ticas inusuales, pero se conocen pocos usos para el holmio."
Erbio,Er,erbium,Lanthanides,8,O,68,167.3,1529,2868,S칩lido,[Xe] 6s24f12,1s22s22p63s23p64s23d104p65s24d105p66s24f12,"El erbio tiene un historial largo pero no se aisl칩 en una forma razonablemente pura hasta 1934. El erbio puro es blando, maleable y tiene un lustre met치lico plateado brillante. El metal es estable en aire y no se oxida r치pidamente. En la naturaleza, el erbio es una mezcla de siete is칩topos estables, aunque existen nueve is칩topos radioactivos. El erbio tiene algunas aplicaciones nucleares y metal칰rgicas. Se usa en aleaciones y su 칩xido rosa se ha usado como un colorante para el vidrio y en esmaltes para porcelana."
Tulio,Tm,thulium,Lanthanides,8,P,69,168.9,1545,1950,S칩lido,[Xe] 6s24f13,1s22s22p63s23p64s23d104p65s24d105p66s24f13,"El tulio se descubri칩 en 1879, se produce en una serie de minerales, como la monacita. Es el menos abundante de los elementos de tierras raras y es tan poco frecuente como la plata, el oro o el cadmio. El tulio es de color gris plateado, blando, maleable, d칰ctil y se puede cortar con un cuchillo. Se conocen 25 is칩topos; el tulio natural es estable. El tulio, relativamente caro, tiene aplicaciones limitadas. Puede utilizarse como fuente de emisi칩n de radiaciones para equipos port치tiles de rayos X o como fuente de energ칤a. El tulio natural puede ser 칰til en materiales magn칠ticos cer치micos o equipos de microondas."
Iterbio,Yb,ytterbium,Lanthanides,8,Q,70,173.04,819,1196,S칩lido,[Xe] 6s24f14,1s22s22p63s23p64s23d104p65s24d105p66s24f14,"El iterbio se prepar칩 por primera vez en 1937, aunque se consigui칩 producir una versi칩n mucho m치s pura en 1953. Se produce en una gama de minerales junto con otros elementos de tierras raras. El iterbio es brillante, plateado, lustroso, blando, maleable y d칰ctil. Es bastante estable, pero debe protegerse del aire y la humedad. El iterbio natural incluye siete is칩topos estables; adem치s, se conocen siete is칩topos inestables. Se ha usado el metal para mejorar las propiedades del acero inoxidable y un is칩topo puede ser 칰til como fuente de emisi칩n de radiaci칩n alternativa para las m치quinas port치tiles de rayos X, pero existen pocas aplicaciones m치s."
Lutecio,Lu,lutetium,Transition metals,6,C,71,175,1663,3402,S칩lido,[Xe] 6s24f145d1,1s22s22p63s23p64s23d104p65s24d105p66s24f145d1,"El lutecio se describi칩 por primera vez en 1907, se produce en pr치cticamente todos los minerales que tambi칠n contiene itrio, incluida la monacita. El nombre original del elemento se cambi칩 en 1949. Este metal puro es dif칤cil de aislar. Es de color blanco plateado y relativamente estable en aire. Los nucleidos de lutecio estables emiten radiaci칩n beta pura (despu칠s de la activaci칩n) y pueden utilizarse como catalizadores en reacciones pirolizantes, de alquilaci칩n, hidrogenaci칩n y polimerizaci칩n. No se conoce ning칰n otro uso comercial del lutecio."
Hafnio,Hf,hafnium,Transition metals,6,D,72,178.5,2227,4600,S칩lido,[Xe] 6s24f145d2,1s22s22p63s23p64s23d104p65s24d105p66s24f145d2,"El hafnio se descubri칩 en 1923 y se ha utilizado desde entonces para aleaciones con hierro, titanio, niobio, tantalio y otros metales. El hafnio es un metal d칰ctil con un lustre plateado brillante y es muy dif칤cil de separar. Es resistente a alcalinos concentrados y reacciona a temperaturas elevadas con ox칤geno, nitr칩geno, carbono, boro, azufre y silicio, y directamente con hal칩genos para formar tetrahaluros. Como el hafnio tiene una buena secci칩n transversal de absorci칩n para neutrones t칠rmicos, propiedades mec치nicas excelentes y resistencia a la corrosi칩n, se usa para las barras de control de reactores nucleares. Asimismo, se usa en l치mparas incandescentes y llenas con gas."
Tantalio,Ta,tantalum,Transition metals,6,E,73,180.9,2996,5425,S칩lido,[Xe] 6s24f145d3,1s22s22p63s23p64s23d104p65s24d105p66s24f145d3,"El tantalio se descubri칩 en 1802 y se produce principalmente en minerales columbita-tantalita. Se produjo por primera vez en una forma relativamente pura y d칰ctil en 1903. El tantalio es gris, pesado y muy duro. En su forma pura, es d칰ctil y, cuando se forma como cable, se usa como filamento para aluminio evaporado y otros metales. Se usa para aumentar los puntos de fusi칩n, la resistencia y la ductilidad de las aleaciones. El tantalio natural posee dos is칩topos; se conocen un total de 25. Este elemento tambi칠n se usa en condensadores electrol칤ticos, piezas de hornos de vac칤o, equipos para procesos qu칤micos, reactores nucleares, piezas para aeronaves y misiles y aplicaciones quir칰rgicas."
Tungsteno,W,tungsten,Transition metals,6,F,74,183.8,3410,5660,S칩lido,[Xe] 6s24f145d4,1s22s22p63s23p64s23d104p65s24d105p66s24f145d4,"Aunque se detect칩 en 1779, el tungsteno no se aisl칩 hasta 1883. El tungsteno puro es un metal gris y blanco. Puede cortarse con una sierra, forjarse, hilarse, estirarse y extrudirse, pero es fr치gil y algo dif칤cil de manipular. Se oxida en el aire, no tolera temperaturas altas y tiene una resistencia excelente a la corrosi칩n. El tungsteno natural contiene cinco is칩topos estables y se conocen 21 is칩topos inestables. El tungsteno y sus aleaciones se usan como filamentos en l치mparas el칠ctricas, tubos de electrones y televisi칩n, para trabajos con evaporaci칩n met치lica y como puntos de contacto el칠ctrico para distribuidores automovil칤sticos."
Renio,Re,rhenium,Transition metals,6,G,75,186.2,3180,5600,S칩lido,[Xe] 6s24f145d5,1s22s22p63s23p64s23d104p65s24d105p66s24f145d5,"El renio se descubri칩 en 1925 en minerales de platino y columbita. No se produce solo en la naturaleza o en un mineral espec칤fico, sino que se extiende por toda la corteza terrestre. Este elemento es de color blanco plateado con un lustre met치lico y, en forma de polvo, se puede consolidar, templar, doblar, bobinar o enrollar. El renio natural es una mezcla de dos is칩topos estables; los otros 26 is칩topos son inestables. Tambi칠n se usa el renio en filamentos para espectr칩grafos de masa, medidores i칩nicos y l치mparas de destellos. Los catalizadores de renio resisten los efectos qu칤micos del nitr칩geno, el azufre y el f칩sforo, y se utilizan para hidrogenar productos qu칤micos finos."
Osmio,Os,osmium,Transition metals,6,H,76,190.2,3045,5030,S칩lido,[Xe] 6s24f145d6,1s22s22p63s23p64s23d104p65s24d105p66s24f145d6,"El osmio se descubri칩 en 1803. Se produce en el iridio, arenas de r칤o que contienen platino y menas con n칤quel. El metal es de color blanco azulado y lustroso, y duro y quebradizo incluso a altas temperaturas. Es dif칤cil de fabricar y produce tetr칩xido de osmio, un agente oxidante potente y muy t칩xico con un olor fuerte. Incluso concentraciones muy bajas han provocado da침os pulmonares, cut치neos y oculares. El tetr칩xido de osmio se ha usado en la detecci칩n de huellas dactilares y la tinci칩n tisular. Pero lo m치s habitual es que el metal se use en aleaciones con otros elementos del grupo del platino para elaborar puntas de estilogr치ficas, elementos de rotaci칩n para instrumentos, agujas para fon칩grafos y contactos el칠ctricos."
Iridio,Ir,iridium,Transition metals,6,I,77,192.2,2410,4130,S칩lido,[Xe] 6s24f145d7,1s22s22p63s23p64s23d104p65s24d105p66s24f145d7,"El iridio fue descubierto en 1803 y se llam칩 as칤 por sus sales de colores. Es el metal m치s resistente a la corrosi칩n, es resistente a 치cidos pero se altera con sales calientes como el cloruro s칩dico y el cianuro de sodio. Este elemento es parte de la familia del platino y es de color blanco con un tono amarillento. Tambi칠n es duro y quebradizo y, por tanto, duro para procesar con m치quinas, formar o trabajar. El iridio se produce de manera natural en dep칩sitos aluviales y se puede obtener como subproducto de la miner칤a del n칤quel. Se usa para crisoles, contactos el칠ctricos y otras aplicaciones que requieran tolerancia a temperaturas elevadas. En combinaci칩n con el osmio, se usa para puntas de plumas y br칰julas."
Platino,Pt,platinum,Transition metals,6,J,78,195.1,1772,3827,S칩lido,[Xe] 6s14f145d9,1s22s22p63s23p64s23d104p65s24d105p66s14f145d9,"Aunque no se descubri칩 oficialmente hasta 1735, los americanos nativos precolombinos ya usaban el platino. Se produce en la naturaleza con otros metales de su grupo en la tabla peri칩dica, es de color blanco plateado, maleable y d칰ctil, y no se oxida en el aire. Por contra, el platino se corroe con hal칩genos, cianuros, azufre y alcalinos c치usticos. Se usa mayoritariamente en joyer칤a, cableado y recipientes de laboratorio, as칤 como con electrodos sellados, elementos de termopares, contactos el칠ctricos y aparatos resistentes a la corrosi칩n. El platino tambi칠n se utiliza para recubrir los conos de ojiva de misiles y las toberas de combustible de los motores de reacci칩n, aplicaciones que requieren un rendimiento fiable a altas temperaturas."
Oro,Au,gold,Transition metals,6,K,79,197,1064,3080,S칩lido,[Xe] 6s14f145d10,1s22s22p63s23p64s23d104p65s24d105p66s14f145d10,"El oro se encuentra como un metal libre en la naturaleza, se encuentra en las vetas y dep칩sitos aluviales, y est치 asociado con tel칰ridos, cuarzo y pirita. En su forma pura, es de un atractivo color amarillo met치lico, pero puede ser negro, rub칤 o p칰rpura en cantidades m치s peque침as. El oro, que es el metal m치s maleable y d칰ctil, se suele utilizar en aleaciones para aumentar su resistencia. Conduce el calor y la electricidad, refleja rayos infrarrojos y la mayor칤a de las veces no se ve afectado por el aire y las sustancias qu칤micas. Algunos de los 18 is칩topos del oro se usan en medicina para tratar el c치ncer y la artritis. Tambi칠n se utiliza en joyer칤a, decoraci칩n, en el campo dental y en chapados y revestimientos."
Mercurio,Hg,mercury,Transition metals,6,L,80,200.6,-38.9,357,L칤quido,[Xe] 6s24f145d10,1s22s22p63s23p64s23d104p65s24d105p66s24f145d10,"El mercurio es el 칰nico metal que es l칤quido a temperatura ambiente. Se encuentra principalmente en el mineral cinabrio. El mercurio es pesado, de color blanco plateado, met치lico y un conductor deficiente del calor, pero conduce bastante bien la electricidad. Forma amalgamas o aleaciones f치cilmente con muchos metales. El mercurio es un t칩xico acumulativo y puede absorberse a trav칠s de la piel intacta o los aparatos respiratorio o gastrointestinal. El metilmercurio, un contaminante peligroso, se encuentra habitualmente en el agua y los canales fluviales. El mercurio se ha usado en term칩metros, bar칩metros, bombas de difusi칩n, l치mparas de vapor con mercurio, anuncios publicitarios, aparatos electr칩nicos, plaguicidas, elaboraci칩n de productos qu칤micos, productos dentales, pintura, bater칤as y catalizadores."
Talio,Tl,thallium,Other metals,6,M,81,204.4,303,1457,S칩lido,[Xe] 6s24f145d106p1,1s22s22p63s23p64s23d104p65s24d105p66s24f145d106p1,"El talio se descubri칩 en 1861 y se aisl칩 en 1862. Se produce en la crookesita, la lorandita y la hutchinsonita y est치 presente en las piritas. Cuando se expone al aire, el lustre met치lico del talio desarrolla un matiz gris azulado. Es blando y maleable y se puede cortar con un cuchillo. El talio natural es una mezcla de dos is칩topos; existe un total de 25 formas isot칩picas. El talio y sus compuestos son t칩xicos y se sospecha que son cancer칤genos. En el pasado se utilizaron como rodenticidas y mata hormigas, pero su uso dom칠stico se prohibi칩 en Estados Unidos en 1975. Tambi칠n se usan en fotoc칠lulas, materiales 칩pticos infrarrojos y vidrios especializados."
Plomo,Pb,lead,Other metals,6,N,82,207.2,327.5,1740,S칩lido,[Xe] 6s24f145d106p2,1s22s22p63s23p64s23d104p65s24d105p66s24f145d106p2,"Se sabe que el plomo nativo es uno de los metales m치s antiguos y es poco frecuente que aparezca de manera natural. Los minerales con plomo m치s frecuentes son la galena, la anglesita, la cerusita y el minio. El plomo es brillante, de color blanco azulado y muy blando. Es muy maleable, d칰ctil y conduce la electricidad de manera deficiente. El plomo natural es una mezcla de cuatro is칩topos estables, todos procedentes de la desintegraci칩n de elementos radioactivos naturales. El metal se usa en soldaduras, cobertura de cables, fontaner칤a y municiones, y como escudo contra la radiaci칩n en equipos de rayos X y reactores nucleares. Los compuestos del plomo se usan en bater칤as, pinturas, cristal y en vidrio flint. Asimismo, es un t칩xico acumulativo y debe manipularse con precauci칩n."
Bismuto,Bi,bismuth,Other metals,6,O,83,209,271,1560,S칩lido,[Xe] 6s24f145d106p3,1s22s22p63s23p64s23d104p65s24d105p66s24f145d106p3,"El bismuto se descubri칩 en 1753 y, a veces, se confunde con el plomo y el esta침o. Es un metal blanco, cristalino y quebradizo con un tono ros치ceo. El elemento se da de forma natural en los minerales bismutinita (sulfuro de bismuto) y bismita. Y cuando se caliente en aire, produce una llama azul y forma vapores amarillos. En agua, sus sales solubles forman sales b치sicas insolubles. Algunos compuestos se usan en cosm칠tica y medicina. Cuando se combina con manganeso, forma 츽춺bismanol츽췉, un im치n permanente potente. Sus aleaciones se usan para elaborar objetos que se da침en a altas temperaturas, incluidos dispositivos de detecci칩n de incendios y sistemas de extinci칩n."
Polonio,Po,polonium,Metalloids,6,P,84,209,254,962,S칩lido,[Xe] 6s24f145d106p4,1s22s22p63s23p64s23d104p65s24d105p66s24f145d106p4,"El polonio fue el primer elemento descubierto por Marie Curie en 1898. En 1934, los cient칤ficos produjeron polonio bombardeando bismuto con neutrones. Este elemento es muy escaso y se encuentra con mucha menos frecuencia que el uranio o el radio. Sus emisiones alfa excitan el aire circundante para producir un aura azul. Existen dos al칩tropos y 25 is칩topos de polonio. El polonio se ha usado como fuente para la energ칤a termoel칠ctrica en sat칠lites espaciales, en dispositivos que eliminan las cargas est치ticas y en cepillos para eliminar el polvo de las pel칤culas fotogr치ficas. El polonio-210 es muy peligroso en cualquier cantidad; el tejido corporal absorbe por completo sus part칤culas alfa."
Astatina,At,astatine,Halogens,6,Q,85,210,302,337,S칩lido,[Xe] 6s24f145d106p5,1s22s22p63s23p64s23d104p65s24d105p66s24f145d106p5,"La astatina se sintetiz칩 por primera vez en 1940, es muy radioactiva y existe por la desintegraci칩n de la radioactividad de otros elementos. Las propiedades de la astatina son 칰nicamente estimaciones. Puede tener una apariencia oscura, ser un semiconductor o un metal. Es m치s met치lica que el yodo, aunque sus compuestos son similares a los compuestos de este, y es probable que se acumule en la gl치ndula tiroidea. El elemento no existe en forma pura; se evaporar칤a de manera inmediata por el calor de su propia radioactividad. Los cuatro is칩topos de astatina que se producen naturalmente tienen una vida corta. El is칩topo m치s estable y la forma m칠dica 칰til se producen sint칠ticamente."
Rad칩n,Rn,radon,Noble gases,6,R,86,222,-71,-61.8,Gas,[Xe] 6s24f145d106p6,1s22s22p63s23p64s23d104p65s24d105p66s24f145d106p6,"Friederich Ernst Dorn descubri칩 el rad칩n en 1900 y se aisl칩 en 1908. El rad칩n, que es esencialmente inerte, es el gas conocido m치s pesado. Tambi칠n es radiactivo, tiene 39 is칩topos y se encuentra en el suelo y en algunas aguas termales. Es un gas incoloro a temperatura ambiente y tiene un color fosforescente amarillo brillante por debajo de su punto de congelaci칩n."
Francio,Fr,francium,Alkali metals,7,A,87,223,27,677,S칩lido,[Rn] 7s1,1s22s22p63s23p64s23d104p65s24d105p66s24f145d106p67s1,"El francio se descubri칩 en 1939, es el metal alcalino m치s pesado conocido y el 칰ltimo elemento encontrado en la naturaleza. Se produce a partir de la desintegraci칩n alfa del actinio o bombardeando torio con protones. El francio es el m치s inestable de los primeros 101 elementos y tiene 33 is칩topos. La comprensi칩n de sus propiedades qu칤micas procede de las t칠cnicas radioqu칤micas. El 칰nico is칩topo que se produce en la naturaleza tiene un per칤odo de semidesintegraci칩n de 22 minutos y se desintegra en astatina, radio y rad칩n. Aunque se supone que es un metal muy reactivo, el francio no existe en forma pura. Se encuentran trazas del elemento en el los minerales uranio y torio."
Radio,Ra,radium,Alkaline earth metals,7,B,88,226,700,1140,S칩lido,[Rn] 7s2,1s22s22p63s23p64s23d104p65s24d105p66s24f145d106p67s2,"El radio fue descubierto en 1898 y aislado en 1911 por Madame Curie. Est치 presente en todos los minerales de uranio. Este metal alcalinot칠rreo puro es de color blanco brillante, pero se vuelve negro cuando se expone al aire. Muestra luminiscencia y es de color rojo carm칤n en llamas. El radio emite rayos alfa, beta y gamma y produce neutrones cuando se mezcla con el berilio. El radio tambi칠n produce gas rad칩n, que se usa en el tratamiento del c치ncer y de otras enfermedades. La exposici칩n al radio v칤a inhalaci칩n, inyecci칩n u otro tipo de exposici칩n corporal puede causar c치ncer y otras enfermedades."
Actinio,Ac,actinium,Actinides,9,D,89,227,1050,3200,S칩lido,[Rn] 7s26d1,1s22s22p63s23p64s23d104p65s24d105p66s24f145d106p67s26d1,"El actinio se descubri칩 en 1899 y se produce de manera natural con minerales de uranio. El actinio-227 es un producto de la desintegraci칩n del uranio-235, emite radiaciones beta y tiene un per칤odo de semidesintegraci칩n de 21,6 a침os. Se descompone en torio-227, radio-223 y tambi칠n en is칩topos de rad칩n, bismuto, polonio, plomo y otros productos de vida corta. Tambi칠n es una potente fuente de part칤culas alfa. Desde el punto de vista qu칤mico, el actinio se comporta de manera similar a los metales de tierras raras como el lantano. El actinio purificado se equilibra con sus productos de descomposici칩n tras 185 d칤as y contin칰a desintegr치ndose en funci칩n de su per칤odo de semidesintegraci칩n. Dado que su actividad es de aproximadamente 150 veces la del radio, es valioso en la producci칩n de neutrones."
Torio,Th,thorium,Actinides,9,E,90,232,1750,4790,S칩lido,[Rn] 7s26d2,1s22s22p63s23p64s23d104p65s24d105p66s24f145d106p67s26d2,"El torio se observ칩 por primera vez en 1829 y se consider칩 radiactivo en 1898. Tiene 27 is칩topos inestables. El torio puro es un metal blanco plateado que se deslustra lentamente en el aire hasta convertirse en gris y negro. Es blando, muy d칰ctil y dim칩rfico (cambio a 1400 츽춿C). El polvo de torio met치lico puede ser pir칩foro y debe manipularse con cuidado. Las piezas peque침as de torio se prenden y arden en color blanco cuando se calientan en aire. El torio-232, un emisor de radiaci칩n alfa, que se desintegra en plomo-208, es la forma m치s frecuente. Es un nucleido primordial que se encuentra en la mayor칤a de las rocas, suelos y minerales, como la torita, la torianita y la monacita."
Protactinio,Pa,protactinium,Actinides,9,F,91,231,1570,4000,S칩lido,[Rn] 7s25f26d1,1s22s22p63s23p64s23d104p65s24d105p66s24f145d106p67s25f26d1,"El protactinio se predijo por primera vez en 1871 y se aisl칩 en 1900. Se le llam칩 originalmente 츽춺uranio-X츽췉 y, posteriormente, la IUPAC lo abrevi칩 a partir de la forma 츽춺proto-actinio츽췉 en 1949. Este elemento es un metal gris plateado, denso, que reacciona con ox칤geno, vapor de agua y 치cidos inorg치nicos. Se conocen 29 radiois칩topos, el m치s frecuente es 231Pa, un producto de la desintegraci칩n del uranio-235 y un emisor de radiaci칩n alfa con un per칤odo de semidesintegraci칩n de 32 700 a침os. El protactinio es poco frecuente, se da en la naturaleza y es radiactivo. Es caro y, actualmente, no tiene ning칰n uso pr치ctico. Habitualmente, se extrae del combustible nuclear gastado y se usa en investigaci칩n cient칤fica b치sica. Se debe manipular con precauci칩n."
Uranio,U,uranium,Actinides,9,G,92,238,1132,3818,S칩lido,[Rn] 7s25f36d1,1s22s22p63s23p64s23d104p65s24d105p66s24f145d106p67s25f36d1,"El uranio se identific칩 por primera vez en 1789 y se aisl칩 en 1841. Su radioactividad no se descubri칩 hasta 1896. El metal del uranio puro es blanco plateado, con una radioactividad d칠bil y es m치s duro que la mayor칤a del resto de elementos. Es denso, maleable, d칰ctil, ligeramente paramagn칠tico, con una electropositividad marcada, es un conductor de la electricidad precario y es pir칩foro en piezas peque침as. En la naturaleza se producen cantidades peque침as de uranio en el agua, el suelo, las rocas y los minerales. El 칩xido de uranio se us칩 durante siglos para colorear esmaltes cer치micos y vidrios, pero el uso contempor치neo del uranio explota sus propiedades nucleares. El uranio-235 es el 칰nico is칩topo f칩sil que se produce de manera natural."
Neptunio,Np,neptunium,Actinides,9,H,93,237,640,3900,S칩lido,[Rn] 7s25f46d1,1s22s22p63s23p64s23d104p65s24d105p66s24f145d106p67s25f46d1,"En 1940, los investigadores bombardearon uranio con neutrones para formar un nuevo elemento llamado 츽춺neptunio츽췉. El neptunio-239 fue el primer elemento transur치nico de la serie de act칤nidos descubierto y producido sint칠ticamente. El metal es denso, plateado, reactivo y se encuentra en al menos tres al칩tropos. El neptunio tiene 25 is칩topos radiactivos conocidos y el mayor rango de l칤quidos entre los puntos de ebullici칩n y fusi칩n (3363 츽춿K). Tambi칠n forma compuestos, en especial haluros, 칩xidos y fluoruros. El neptunio-237 se usa en dispositivos que detectan neutrones de alta energ칤a. Y dado que el neptunio-237 se desintegra en un is칩topo de protactinio con un per칤odo de semidesintegraci칩n mucho m치s corto, los cient칤ficos pueden determinar cu치ndo se separ칩 y purific칩 por 칰ltima vez."
Plutonio,Pu,plutonium,Actinides,9,I,94,244,641,3232,S칩lido,[Rn] 7s25f6,1s22s22p63s23p64s23d104p65s24d105p66s24f145d106p67s25f6,"El plutonio se descubri칩 observando la s칤ntesis del neptunio-238. La primera muestra se produjo en 1943. El plutonio es brillante, plateado y se deslustra en el aire. Duro y quebradizo, pasa a ser blando y d칰ctil en aleaciones, pero no es un buen conducto del calor ni de la electricidad. El plutonio es caliente al tacto y las piezas m치s grandes pueden producir suficiente calor para llevar el agua a la ebullici칩n. Este elemento tiene seis al칩tropos o estructuras de cristal con niveles similares de energ칤a y densidades variables. Esto hace al plutonio muy sensible a la temperatura, la presi칩n o los cambios qu칤micos. El plutonio-239 es un componente importante de las armas nucleares y de las centrales nucleares con fines civiles."
Americio,Am,americium,Actinides,9,J,95,243,994,2607,N/A,[Rn] 7s25f7,1s22s22p63s23p64s23d104p65s24d105p66s24f145d106p67s25f7,"El americio se cre칩 en 1944 en un reactor nuclear, fue el cuarto elemento transur치nico y sint칠tico descubierto. Desde el punto de vista qu칤mico, se comporta como la serie de los lant치nidos y motiv칩 unas revisiones en la tabla peri칩dica. El primer americio met치lico sustancial se produjo en 1951. Se deslustra lentamente, es de color blanco plateado y bastante maleable. Existen numerosos compuestos del americio y sus 칩xidos tienen aplicaciones pr치cticas. El americio tiene diversos is칩topos con per칤odos de semidesintegraci칩n que van de los 0,64 microsegundos a 7370 a침os. A causa de su radioactividad, debe manipularse de forma adecuada."
Curio,Cm,curium,Actinides,9,K,96,247,1340,,S칩lido,[Rn] 7s25f76d1,1s22s22p63s23p64s23d104p65s24d105p66s24f145d106p67s25f76d1,"El curio fue el tercer elemento transur치nico descubierto, se identific칩 en 1944 y se aisl칩 en 1947. Es probable que exista en dep칩sitos naturales de uranio, resultado de la captura de neutrones y la desintegraci칩n beta, pero a칰n no se ha detectado. El metal de curio es plateado, maleable, qu칤micamente reactivo y electropositivo. Tambi칠n se oxida r치pidamente en el aire. Los compuestos de curio y las soluciones son estables y de color amarillo o amarillo verdoso. Se conocen 14 is칩topos de curio. Tanto el curio-242 como el curio-244 se han usado como fuentes de energ칤a para aplicaciones espaciales y m칠dicas. El curio se acumula en los huesos cuando se absorbe y su radiaci칩n es destructiva y t칩xica."
Berkelio,Bk,berkelium,Actinides,9,L,97,247,986,,S칩lido,[Rn] 7s25f9,1s22s22p63s23p64s23d104p65s24d105p66s24f145d106p67s25f9,"El berkelio se produjo por primera vez en 1949. A partir de 1962, se determin칩 la primera estructura de un compuesto de berkelio. El metal de berkelio es plateado, f치cilmente soluble en 치cidos minerales diluidos y se oxida r치pidamente mediante aire u ox칤geno a temperaturas elevadas. Presenta dos formas de cristal y existe en numerosas aleaciones y compuestos. Se conocen y se han sintetizado 14 is칩topos de berkelio. Como otros elementos act칤nidos, el berkelio puede acumularse en el sistema esquel칠tico. Actualmente no tiene usos comerciales, pero se utiliza como objetivo para sintetizar elementos m치s pesados debido a su per칤odo de semidesintegraci칩n mayor y a su disponibilidad."
Californio,Cf,californium,Actinides,9,M,98,251,,,N/A,[Rn] 7s25f10,1s22s22p63s23p64s23d104p65s24d105p66s24f145d106p67s25f10,"El californio se produjo por primera vez en 1950 y act칰a como otros elementos lant치nidos. Es bastante reactivo y forma r치pidamente un 칩xido en el aire o con humedad. El californio-252 es un emisor de neutrones muy potente y un peligro biol칩gico. Se conocen 20 is칩topos, aunque los is칩topos 237 y 238 no se han probado. Algunas aleaciones y numerosos compuestos de estado s칩lido se han preparado con californio, incluidos 칩xidos, haluros, oxihaluros, pn칤ctidos, hidruros de calc칩geno, telururos y algunos compuestos org치nicos. Como fuente eficiente de emisi칩n de neutrones, se espera encontrar muchos nuevos usos para el californio. Se utiliza en medidores de humedad de neutrones, registros de pozos y como fuente port치til de neutrones para el descubrimiento de metales."
Einstenio,Es,einsteinium,Actinides,9,N,99,252,,,N/A,[Rn] 7s25f11,1s22s22p63s23p64s23d104p65s24d105p66s24f145d106p67s25f11,"El einstenio se identific칩 en 1952 a partir de los restos de la primera gran explosi칩n termonuclear. Desde entonces, se ha producido en el reactor de is칩topos de alto flujo (HFIR, por sus siglas en ingl칠s) del Oak Ridge National Laboratory. Este elemento tiene 16 is칩topos con tres is칩meros. Tambi칠n es el primer metal divalente en la serie de los act칤nidos y tiene dos electrones de enlace, no tres. No hay datos cristalogr치ficos de rayos X para el einstenio debido a las interferencias de su intensa desintegraci칩n radiactiva. Sin embargo, a veces se usa para estudiar el envejecimiento acelerado, los da침os que provoca la radiaci칩n y para tratamientos m칠dicos dirigidos con radiaci칩n. El einstenio no tiene usos comerciales, aunque permite los estudios fundamentales de los electrones 5f."
Fermio,Fm,fermium,Actinides,9,O,100,257,,,N/A,[Rn] 7s25f12,1s22s22p63s23p64s23d104p65s24d105p66s24f145d106p67s25f12,"El fermio se descubri칩 en 1952 despu칠s de que un avi칩n teledirigido llevara un papel de filtro a trav칠s de la lluvia radioactiva de la primera prueba exitosa de una bomba de fusi칩n de hidr칩geno. Su formaci칩n mediante la absorci칩n de neutrones y la desintegraci칩n beta de uranio-238 abri칩 la posibilidad de encontrar m치s elementos. La composici칩n qu칤mica del fermio es la caracter칤stica de los act칤nidos tard칤os. Existen un total de 21 is칩topos del fermio y dos son metaestables. La mayor칤a presentan per칤odos de semidesintegraci칩n que van de menos de un milisegundo a 30 minutos. No existen compuestos puros del fermio, pero pueden formar complejos con ligandos org치nicos de ox칤geno, cloruros, nitratos y otros elementos."
Mendelevio,Md,mendelevium,Actinides,9,P,101,258,,,N/A,[Rn] 7s25f13,1s22s22p63s23p64s23d104p65s24d105p66s24f145d106p67s25f13,El mendelevio se identific칩 por primera vez en 1955 y su nombre se debe al creador de la tabla peri칩dica. Este elemento sint칠tico y radiactivo puede producirse 칰nicamente en aceleradores de part칤culas. Se han reconocido hasta ahora 16 is칩topos radiactivos del mendelevio. Algunos experimentos muestran que posee un estado de oxidaci칩n dipositivo (II) algo estable y un estado de oxidaci칩n tripositivo (III). El is칩topo 256Md se ha usado para determinar las propiedades qu칤micas del elemento en soluci칩n acuosa. La investigaci칩n cient칤fica es su 칰nica aplicaci칩n pr치ctica.
Nobelio,No,nobelium,Actinides,9,Q,102,259,,,N/A,[Rn] 7s25f14,1s22s22p63s23p64s23d104p65s24d105p66s24f145d106p67s25f14,"El nobelio se descubri칩 e identific칩 en 1958. Lleva el nombre de Alfred Nobel, inventor de la dinamita, y la descubrieron pr치cticamente de forma simult치nea equipos de investigaci칩n de Suecia, Estados Unidos y la Uni칩n Sovi칠tica. El elemento se produjo bombardeando curio con iones de carbono. Se han reconocido 12 is칩topos, uno de los cuales tiene un per칤odo de semidesintegraci칩n de 3 minutos. El nobelio se comporta de forma diferente a otros act칤nidos y de forma m치s parecida a algunos metales alcalinot칠rreos. Su capacidad para formar complejos con iones de cloruros es similar al bario y su capacidad para formar complejos con citratos, oxalatos y acetatos en soluciones acuosas se sit칰a entre la del calcio y el estroncio."
Laurencio,Lr,lawrencium,Transition metals,7,C,103,262,,,N/A,[Rn] 7s25f147p1,1s22s22p63s23p64s23d104p65s24d105p66s24f145d106p67s25f147p1,"El lawrencio se descubri칩 en 1961 y se llam칩 as칤 por el inventor del ciclotr칩n. Es sint칠tico y radiactivo y puede producirse 칰nicamente mediante aceleradores de part칤culas. Este elemento se comporta como el lutecio, es trivalente y puede clasificarse como el primer metal de transici칩n del 7.츽 per칤odo. Debido a su configuraci칩n como electr칩n, puede tener una volatilidad similar al plomo. Se conocen 12 is칩topos de nobelio radiactivo y se han identificado is칩meros nucleares para las masas at칩micas 251, 253 y 254. Los per칤odos de semidesintegraci칩n van de fracciones de milisegundo a 58 minutos. Se prev칠 que un is칩topo no descubierto, 261No, tenga un per칤odo de semidesintegraci칩n de 170 minutos."
Rutherfordio,Rf,rutherfordium,Transition metals,7,D,104,267,,,N/A,[Rn] 7s25f146d2,1s22s22p63s23p64s23d104p65s24d105p66s24f145d106p67s25f146d2,"El rutherfordio se descubri칩 en 1964 gracias a investigaciones independientes en la Uni칩n Sovi칠tica y Estados Unidos. Es radiactivo y se form칩 al mezclar n칰cleos de carbono con californio. Este elemento no tiene is칩topos naturales ni estables. Aunque se han documentado 16 is칩topos, la mayor칤a de ellos se desintegran mediante fisi칩n espont치nea. El rutherfordio es un metal de transici칩n; su potencial de ionizaci칩n, el radio at칩mico, las energ칤as orbitales y los niveles b치sicos de estado ionizado son similares al hafnio y otros elementos del grupo cuatro. Como del circonio y el hafnio, del rutherfordio se espera que formen un 칩xido estable y reaccionen con hal칩genos para formar tetrahaluros vol치tiles."
Dubnio,Db,dubnium,Transition metals,7,E,105,268,,,N/A,[Rn] 7s25f146d3,1s22s22p63s23p64s23d104p65s24d105p66s24f145d106p67s25f146d3,"Los intentos por descubrir el dubnio empezaron en 1967, pero no se identific칩 oficialmente hasta 1970. Originalmente, se le denomin칩 츽춺hahnio츽췉, aunque posteriormente la IUPAC cambi칩 el nombre en honor al centro de Dubna del Instituto central de investigaciones nucleares, de la antigua Uni칩n Sovi칠tica. A partir de octubre de 1971, se sintetizaron dos nuevos is칩topos utilizando el acelerador lineal de iones pesados en Berkeley, California. Se han reconocido hasta la fecha siete is칩topos de dubnio. En teor칤a, el dubnio es un metal de transici칩n del grupo cinco y comparte muchas propiedades qu칤micas con estos elementos. Sin embargo, los experimentos qu칤micos de soluciones revelan que puede comportarse inesperadamente de forma m치s similar al niobio que al t치ntalo."
Seaborgio,Sg,seaborgium,Transition metals,7,F,106,269,,,N/A,[Rn] 7s25f146d4,1s22s22p63s23p64s23d104p65s24d105p66s24f145d106p67s25f146d4,"En 1974, el Instituto central de investigaciones nucleares de Dubna, en la antigua Uni칩n Sovi칠tica, anunci칩 el descubrimiento del seaborgio. Posteriormente, ese mismo a침os, trabajadores de los laboratorios Lawrence Berkeley y Livermore tambi칠n afirmaron haber creado este elemento. El seaborgio solo se puede crear mediante fusi칩n en un acelerador de part칤culas; posteriormente, se desintegra en rutherfordio, despu칠s en nobelio y, por 칰ltimo, en seaborgio. Es radiactivo, no se encuentra en la naturaleza y su is칩topo m치s estable tiene un per칤odo de semidesintegraci칩n de unos 14 minutos. El elemento no presenta is칩topos estables ni naturales; se han producido 12 is칩topos y 칰nicamente tres tienen estados metaestables."
Bohrio,Bh,bohrium,Transition metals,7,G,107,270,,,N/A,[Rn] 7s25f146d5,1s22s22p63s23p64s23d104p65s24d105p66s24f145d106p67s25f146d5,"En 1976, cient칤ficos sovi칠ticos del Instituto central de investigaciones nucleares de Dubna, en la antigua Uni칩n Sovi칠tica, anunciaron la s칤ntesis del elemento 107. Su existencia la confirm칩 de manera independiente un equipo de f칤sicos de la Alemania Occidental. El bohrio es un elemento radiactivo y sint칠tico que no se encuentra en la naturaleza. Su is칩topo m치s estable tiene un per칤odo de semidesintegraci칩n de aproximadamente 1 minuto. Aunque sus propiedades qu칤micas se han caracterizado 칰nicamente en parte, es similar a otros elementos del grupo siete. De los 12 que se han sintetizado, el bohrio no tiene is칩topos naturales ni estables. Uno de ellos presenta un estado metaestable y algunos pueden sufrir fisi칩n espont치nea."
Hasio,Hs,hassium,Transition metals,7,H,108,269,,,N/A,[Rn] 7s25f146d6,1s22s22p63s23p64s23d104p65s24d105p66s24f145d106p67s25f146d6,"El hasio es un elemento radiactivo sint칠tico que no se produce en la naturaleza. Su is칩topo conocido m치s estable tiene un per칤odo de semidesintegraci칩n de aproximadamente 16 segundos. Se descubri칩 en 1984. El hasio es un elemento transact칤nido y un metal de transici칩n. Las pruebas han confirmado que se comporta como un hom칩logo m치s pesado del osmio y reacciona con el ox칤geno para formar un tetr칩xido vol치til. Aunque solo se ha caracterizado parcialmente, las propiedades qu칤micas del hasio son similares a las de otros elementos del grupo ocho."
Meitnerio,Mt,meitnerium,Transition metals,7,I,109,278,,,N/A,[Rn] 7s25f146d7,1s22s22p63s23p64s23d104p65s24d105p66s24f145d106p67s25f146d7,"En 1982, f칤sicos de la Alemania Occidental produjeron e identificaron el elemento 109, el meitnerio. La creaci칩n de este elemento mostr칩 la viabilidad de utilizar t칠cnicas de fusi칩n para elaborar nuevos n칰cleos pesados. El meitnerio no tiene is칩topos estables ni naturales; se forma mediante fusi칩n de dos 치tomos o la desintegraci칩n de elementos m치s pesados. Se han documentado ocho is칩topos, dos con estados metaestables. La mayor칤a de is칩topos sufren desintegraci칩n alfa o fisi칩n espont치nea. El meitnerio es un metal de transici칩n y forma parte del grupo del platino. Seg칰n los c치lculos cient칤ficos, es probable que sus propiedades b치sicas se parezcan a las del cobalto, el rodio y el iridio."
Darmstatio,Ds,darmstadtium,Transition metals,7,J,110,281,,,N/A,[Rn] 7s15f146d9,1s22s22p63s23p64s23d104p65s24d105p66s24f145d106p67s15f146d9,"El darmstatio se produjo por primera vez en 1994 mediante la fusi칩n de 치tomos de n칤quel y plomo en un acelerador de iones pesados. Este elemento es muy radiactivo y su is칩topo m치s estable tiene un per칤odo de semidesintegraci칩n de aproximadamente 12,7 segundos. El darmstatio es un elemento transact칤nido, sin embargo, no se han realizado experimentos qu칤micos para confirmar su comportamiento como metal de transici칩n o si sus propiedades son similares a las del n칤quel, el paladio y el platino. No se conocen is칩topos estables ni naturales, aunque se han notificado nueve y existen varios que no se han confirmado."
Roentgenio,Rg,roentgenium,Transition metals,7,K,111,281,,,N/A,[Rn] 7s15f146d10,1s22s22p63s23p64s23d104p65s24d105p66s24f145d106p67s15f146d10,"El roentgenio es sint칠tico, muy radiactivo y no se produce en la naturaleza. Se descubri칩 en 1994. Este elemento no tiene is칩topos estables ni naturales y se forma mediante fusi칩n de dos 치tomos o la desintegraci칩n de elementos m치s pesados. Se han documentado nueve is칩topos, dos con estados metaestables no confirmados. Estos is칩topos sufren desintegraci칩n alfa o fisi칩n espont치nea en cuesti칩n de segundos o minutos. El roentgenio es un metal de transici칩n y se espera que sus propiedades qu칤micas b치sicas se parezcan al cobre, la plata y el oro."
Cop칠rnico,Cn,copernicium,Transition metals,7,L,112,285,,,N/A,[Rn] 7s25f146d10,1s22s22p63s23p64s23d104p65s24d105p66s24f145d106p67s25f146d10,"El cop칠rnico se cre칩 en 1996 y tiene is칩topos muy radiactivos que no se producen en la naturaleza. Su is칩topo m치s estable tiene un per칤odo de semidesintegraci칩n de menos de 30 segundos. Este elemento es extremadamente vol치til y puede existir como un gas a temperatura y presi칩n est치ndar. Se prev칠 que sus propiedades difieran de otros elementos del grupo como el cinc, el cadmio y el mercurio, y se prev칠 que sea el metal m치s noble de la tabla peri칩dica. No tiene is칩topos estables ni naturales y se crea a partir de la fusi칩n de 치tomos o la desintegraci칩n de elementos m치s pesados. Se conocen siete is칩topos diferentes."
Nihonio,Nh,nihonium,Other metals,7,M,113,286,,,N/A,[Rn] 7s25f146d107p1,1s22s22p63s23p64s23d104p65s24d105p66s24f145d106p67s25f146d107p1,"El nihonio es un elemento transact칤nido cuyo nombre oficial se estableci칩 en 2016. Su is칩topo conocido m치s estable tiene un per칤odo de semidesintegraci칩n de apenas 10 segundos. Poco m치s se conoce de este elemento, que solo se ha producido en cantidades min칰sculas que se desintegran r치pidamente. Se cree que el nihonio tiene propiedades similares al boro, el aluminio, el galio, el indio, el talio y otros metales del bloque p. Experimentos previos detectaron que el nihonio elemento no es muy vol치til, pero su qu칤mica no se ha explorado en profundidad."
Flerovio,Fl,flerovium,Other metals,7,N,114,289,,,N/A,[Rn] 7s25f146d107p2,1s22s22p63s23p64s23d104p65s24d105p66s24f145d106p67s25f146d107p2,"El flerovio es un elemento radiactivo superpesado y sint칠tico que se descubri칩 en 1999. Se considera un transact칤nido y es el miembro m치s pesado conocido del grupo del carbono (14). Algunos estudios qu칤micos realizados en 2007 y 2008 detectaron que es inesperadamente vol치til y puede tener propiedades similares a los gases nobles. Podr칤a tambi칠n mostrar propiedades met치licas, aunque la cuesti칩n de si se comporta m치s como un metal o como un gas todav칤a no est치 resuelta (en 2018). El flerovio se crea mediante fusi칩n o por la desintegraci칩n radiactiva de elementos m치s pesados."
Moscovio,Mc,moscovium,Other metals,7,O,115,289,,,N/A,[Rn] 7s25f146d107p3,1s22s22p63s23p64s23d104p65s24d105p66s24f145d106p67s25f146d107p3,"El elemento 115, el moscovio, se sintetiz칩 por primera vez en 2003, se reconoci칩 en 2015 y se le puso nombre en 2016. Es un elemento extremadamente radiactivo, su is칩topo conocido m치s estable tiene un per칤odo de semidesintegraci칩n de poco m치s de 1 minuto. El moscovio es un metal del bloque p que se estima que presenta propiedades similares a sus hom칩logos: nitr칩geno, f칩sforo, ars칠nico, antimonio y bismuto. Tambi칠n se prev칠 que sea similar al talio, con un solo electr칩n suelto fuera de una corteza semicerrada."
Livermorio,Lv,livermorium,Other metals,7,P,116,293,,,N/A,[Rn] 7s25f146d107p4,1s22s22p63s23p64s23d104p65s24d105p66s24f145d106p67s25f146d107p4,"El livermorio es un elemento sint칠tico que se notific칩 por primera vez en el a침o 2000. Se conocen cuatro is칩topos radiactivos de livermorio, el per칤odo de semidesintegraci칩n m치s largo es de aproximadamente 60 milisegundos. Hay un quinto is칩topo no confirmado. Se considera un metal del bloque p y es el calc칩geno m치s pesado. El livermorio tambi칠n se prev칠 que tenga propiedades en com칰n con el ox칤geno, el azufre, el selenio y el telurio."
Teneso,Ts,tennessine,Halogens,7,Q,117,294,,,N/A,[Rn] 7s25f146d107p5,1s22s22p63s23p64s23d104p65s24d105p66s24f145d106p67s25f146d107p5,"El teneso se descubri칩 en 2010 y se le puso nombre en 2016. Dado que es un elemento sint칠tico y muy radiactivo, no se produce en la naturaleza. Es el elemento que se ha descubierto m치s recientemente (a partir de 2019), sus 치tomos solo duran d칠cimas o cent칠simas de milisegundos. Este elemento se considera un hal칩geno y deber칤a ser un metal vol치til del bloque p. Por lo dem치s, se espera que sus propiedades sean similares a las de los otros hal칩genos: fl칰or, cloro, bromo, yodo y astatina."
Oganes칩n,Og,oganesson,Noble gases,7,R,118,294,,,N/A,[Rn] 7s25f146d107p6,1s22s22p63s23p64s23d104p65s24d105p66s24f145d106p67s25f146d107p6,"El oganes칩n es un elemento radiactivo que se sintetiz칩 por primera vez en 2002. Se consider칩 un elemento nuevo en 2015 y se le puso nombre en 2016. Tiene el n칰mero y la masa at칩micos m치s altos de todos los elementos conocidos. Solo se han detectado un pu침ado de 치tomos desde 2005. El 치tomo de oganes칩n es muy inestable. Su naturaleza radiactiva impide el estudio experimental real. Los c치lculos te칩ricos indican que puede ser significativamente reactivo, a diferencia de los otros gases nobles de su grupo, y que en realidad puede ser un s칩lido."
